series_id,year,period,label,value
Alabama,2017,M01,2017 Jan,5.5
Alabama,2017,M02,2017 Feb,5.3
Alabama,2017,M03,2017 Mar,5.1
Alabama,2017,M04,2017 Apr,4.9
Alabama,2017,M05,2017 May,4.7
Alabama,2017,M06,2017 Jun,4.5
Alabama,2017,M07,2017 Jul,4.4
Alabama,2017,M08,2017 Aug,4.3
Alabama,2017,M09,2017 Sep,4.2
Alabama,2017,M10,2017 Oct,4.1
Alabama,2017,M11,2017 Nov,4
Alabama,2017,M12,2017 Dec,4
Alabama,2018,M01,2018 Jan,4
Alabama,2018,M02,2018 Feb,4
Alabama,2018,M03,2018 Mar,4
Alabama,2018,M04,2018 Apr,4
Alabama,2018,M05,2018 May,4
Alabama,2018,M06,2018 Jun,4
Alabama,2018,M07,2018 Jul,4
Alabama,2018,M08,2018 Aug,3.9
Alabama,2018,M09,2018 Sep,3.9
Alabama,2018,M10,2018 Oct,3.8
Alabama,2018,M11,2018 Nov,3.8
Alabama,2018,M12,2018 Dec,3.7
Alabama,2019,M01,2019 Jan,3.6
Alabama,2019,M02,2019 Feb,3.5
Alabama,2019,M03,2019 Mar,3.3
Alabama,2019,M04,2019 Apr,3.2
Alabama,2019,M05,2019 May,3.1
Alabama,2019,M06,2019 Jun,2.9
Alabama,2019,M07,2019 Jul,2.9
Alabama,2019,M08,2019 Aug,2.8
Alabama,2019,M09,2019 Sep,2.8
Alabama,2019,M10,2019 Oct,2.8
Alabama,2019,M11,2019 Nov,2.7
Alabama,2019,M12,2019 Dec,2.7
Alabama,2020,M01,2020 Jan,2.7
Alabama,2020,M02,2020 Feb,2.6
Alabama,2020,M03,2020 Mar,2.6
Alabama,2020,M04,2020 Apr,13.2
Alabama,2020,M05,2020 May,7.9
Alabama,2020,M06,2020 Jun,7.7
Alabama,2020,M07,2020 Jul,7.4
Alabama,2020,M08,2020 Aug,7.1
Alabama,2020,M09,2020 Sep,6.7
Alabama,2020,M10,2020 Oct,4.7
Alabama,2020,M11,2020 Nov,4.7
Alabama,2020,M12,2020 Dec,4.7
Alabama,2021,M01,2021 Jan,4.3
Alabama,2021,M02,2021 Feb,4
Alabama,2021,M03,2021 Mar,3.8
Alabama,2021,M04,2021 Apr,3.6
Alabama,2021,M05,2021 May,3.4
Alabama,2021,M06,2021 Jun,3.3
Alabama,2021,M07,2021 Jul,3.2
Alabama,2021,M08,2021 Aug,3.1
Alabama,2021,M09,2021 Sep,3.1
Alabama,2021,M10,2021 Oct,3.1
Alaska,2017,M01,2017 Jan,6.6
Alaska,2017,M02,2017 Feb,6.6
Alaska,2017,M03,2017 Mar,6.5
Alaska,2017,M04,2017 Apr,6.5
Alaska,2017,M05,2017 May,6.5
Alaska,2017,M06,2017 Jun,6.5
Alaska,2017,M07,2017 Jul,6.5
Alaska,2017,M08,2017 Aug,6.5
Alaska,2017,M09,2017 Sep,6.5
Alaska,2017,M10,2017 Oct,6.5
Alaska,2017,M11,2017 Nov,6.4
Alaska,2017,M12,2017 Dec,6.4
Alaska,2018,M01,2018 Jan,6.3
Alaska,2018,M02,2018 Feb,6.2
Alaska,2018,M03,2018 Mar,6.1
Alaska,2018,M04,2018 Apr,6
Alaska,2018,M05,2018 May,5.9
Alaska,2018,M06,2018 Jun,5.9
Alaska,2018,M07,2018 Jul,5.8
Alaska,2018,M08,2018 Aug,5.8
Alaska,2018,M09,2018 Sep,5.8
Alaska,2018,M10,2018 Oct,5.8
Alaska,2018,M11,2018 Nov,5.8
Alaska,2018,M12,2018 Dec,5.8
Alaska,2019,M01,2019 Jan,5.8
Alaska,2019,M02,2019 Feb,5.7
Alaska,2019,M03,2019 Mar,5.6
Alaska,2019,M04,2019 Apr,5.5
Alaska,2019,M05,2019 May,5.4
Alaska,2019,M06,2019 Jun,5.4
Alaska,2019,M07,2019 Jul,5.4
Alaska,2019,M08,2019 Aug,5.4
Alaska,2019,M09,2019 Sep,5.3
Alaska,2019,M10,2019 Oct,5.2
Alaska,2019,M11,2019 Nov,5
Alaska,2019,M12,2019 Dec,5
Alaska,2020,M01,2020 Jan,5
Alaska,2020,M02,2020 Feb,5.1
Alaska,2020,M03,2020 Mar,5.1
Alaska,2020,M04,2020 Apr,11.8
Alaska,2020,M05,2020 May,11.6
Alaska,2020,M06,2020 Jun,11.3
Alaska,2020,M07,2020 Jul,11
Alaska,2020,M08,2020 Aug,7.2
Alaska,2020,M09,2020 Sep,7
Alaska,2020,M10,2020 Oct,6.5
Alaska,2020,M11,2020 Nov,6.5
Alaska,2020,M12,2020 Dec,6.5
Alaska,2021,M01,2021 Jan,6.6
Alaska,2021,M02,2021 Feb,6.6
Alaska,2021,M03,2021 Mar,6.7
Alaska,2021,M04,2021 Apr,6.7
Alaska,2021,M05,2021 May,6.6
Alaska,2021,M06,2021 Jun,6.6
Alaska,2021,M07,2021 Jul,6.6
Alaska,2021,M08,2021 Aug,6.4
Alaska,2021,M09,2021 Sep,6.3
Alaska,2021,M10,2021 Oct,6.1
Arizona,2017,M01,2017 Jan,5.2
Arizona,2017,M02,2017 Feb,5.2
Arizona,2017,M03,2017 Mar,5.1
Arizona,2017,M04,2017 Apr,5
Arizona,2017,M05,2017 May,5
Arizona,2017,M06,2017 Jun,4.9
Arizona,2017,M07,2017 Jul,4.9
Arizona,2017,M08,2017 Aug,4.8
Arizona,2017,M09,2017 Sep,4.8
Arizona,2017,M10,2017 Oct,4.8
Arizona,2017,M11,2017 Nov,4.9
Arizona,2017,M12,2017 Dec,4.9
Arizona,2018,M01,2018 Jan,4.9
Arizona,2018,M02,2018 Feb,4.8
Arizona,2018,M03,2018 Mar,4.8
Arizona,2018,M04,2018 Apr,4.7
Arizona,2018,M05,2018 May,4.7
Arizona,2018,M06,2018 Jun,4.7
Arizona,2018,M07,2018 Jul,4.7
Arizona,2018,M08,2018 Aug,4.8
Arizona,2018,M09,2018 Sep,4.8
Arizona,2018,M10,2018 Oct,4.9
Arizona,2018,M11,2018 Nov,5
Arizona,2018,M12,2018 Dec,5
Arizona,2019,M01,2019 Jan,5
Arizona,2019,M02,2019 Feb,5
Arizona,2019,M03,2019 Mar,5
Arizona,2019,M04,2019 Apr,4.9
Arizona,2019,M05,2019 May,4.9
Arizona,2019,M06,2019 Jun,4.9
Arizona,2019,M07,2019 Jul,4.9
Arizona,2019,M08,2019 Aug,4.8
Arizona,2019,M09,2019 Sep,4.8
Arizona,2019,M10,2019 Oct,4.7
Arizona,2019,M11,2019 Nov,4.7
Arizona,2019,M12,2019 Dec,4.7
Arizona,2020,M01,2020 Jan,4.8
Arizona,2020,M02,2020 Feb,4.9
Arizona,2020,M03,2020 Mar,5
Arizona,2020,M04,2020 Apr,14.2
Arizona,2020,M05,2020 May,10.6
Arizona,2020,M06,2020 Jun,10.7
Arizona,2020,M07,2020 Jul,10.4
Arizona,2020,M08,2020 Aug,7
Arizona,2020,M09,2020 Sep,6.9
Arizona,2020,M10,2020 Oct,6.8
Arizona,2020,M11,2020 Nov,6.8
Arizona,2020,M12,2020 Dec,6.8
Arizona,2021,M01,2021 Jan,6.7
Arizona,2021,M02,2021 Feb,6.9
Arizona,2021,M03,2021 Mar,6.7
Arizona,2021,M04,2021 Apr,6.7
Arizona,2021,M05,2021 May,6.7
Arizona,2021,M06,2021 Jun,6.8
Arizona,2021,M07,2021 Jul,6.6
Arizona,2021,M08,2021 Aug,6.2
Arizona,2021,M09,2021 Sep,5.7
Arizona,2021,M10,2021 Oct,5.2
Arkansas,2017,M01,2017 Jan,3.8
Arkansas,2017,M02,2017 Feb,3.7
Arkansas,2017,M03,2017 Mar,3.7
Arkansas,2017,M04,2017 Apr,3.7
Arkansas,2017,M05,2017 May,3.7
Arkansas,2017,M06,2017 Jun,3.7
Arkansas,2017,M07,2017 Jul,3.7
Arkansas,2017,M08,2017 Aug,3.7
Arkansas,2017,M09,2017 Sep,3.8
Arkansas,2017,M10,2017 Oct,3.8
Arkansas,2017,M11,2017 Nov,3.8
Arkansas,2017,M12,2017 Dec,3.8
Arkansas,2018,M01,2018 Jan,3.8
Arkansas,2018,M02,2018 Feb,3.8
Arkansas,2018,M03,2018 Mar,3.7
Arkansas,2018,M04,2018 Apr,3.7
Arkansas,2018,M05,2018 May,3.6
Arkansas,2018,M06,2018 Jun,3.6
Arkansas,2018,M07,2018 Jul,3.6
Arkansas,2018,M08,2018 Aug,3.6
Arkansas,2018,M09,2018 Sep,3.6
Arkansas,2018,M10,2018 Oct,3.6
Arkansas,2018,M11,2018 Nov,3.7
Arkansas,2018,M12,2018 Dec,3.7
Arkansas,2019,M01,2019 Jan,3.6
Arkansas,2019,M02,2019 Feb,3.6
Arkansas,2019,M03,2019 Mar,3.5
Arkansas,2019,M04,2019 Apr,3.4
Arkansas,2019,M05,2019 May,3.4
Arkansas,2019,M06,2019 Jun,3.5
Arkansas,2019,M07,2019 Jul,3.5
Arkansas,2019,M08,2019 Aug,3.5
Arkansas,2019,M09,2019 Sep,3.5
Arkansas,2019,M10,2019 Oct,3.5
Arkansas,2019,M11,2019 Nov,3.5
Arkansas,2019,M12,2019 Dec,3.6
Arkansas,2020,M01,2020 Jan,3.7
Arkansas,2020,M02,2020 Feb,3.8
Arkansas,2020,M03,2020 Mar,3.9
Arkansas,2020,M04,2020 Apr,10
Arkansas,2020,M05,2020 May,8.5
Arkansas,2020,M06,2020 Jun,7.8
Arkansas,2020,M07,2020 Jul,7.1
Arkansas,2020,M08,2020 Aug,6.5
Arkansas,2020,M09,2020 Sep,5.9
Arkansas,2020,M10,2020 Oct,5.6
Arkansas,2020,M11,2020 Nov,5.3
Arkansas,2020,M12,2020 Dec,4.9
Arkansas,2021,M01,2021 Jan,4.6
Arkansas,2021,M02,2021 Feb,4.5
Arkansas,2021,M03,2021 Mar,4.4
Arkansas,2021,M04,2021 Apr,4.4
Arkansas,2021,M05,2021 May,4.4
Arkansas,2021,M06,2021 Jun,4.4
Arkansas,2021,M07,2021 Jul,4.3
Arkansas,2021,M08,2021 Aug,4.2
Arkansas,2021,M09,2021 Sep,4
Arkansas,2021,M10,2021 Oct,3.7
California,2017,M01,2017 Jan,5.3
California,2017,M02,2017 Feb,5.2
California,2017,M03,2017 Mar,5.1
California,2017,M04,2017 Apr,5
California,2017,M05,2017 May,4.9
California,2017,M06,2017 Jun,4.8
California,2017,M07,2017 Jul,4.8
California,2017,M08,2017 Aug,4.7
California,2017,M09,2017 Sep,4.7
California,2017,M10,2017 Oct,4.6
California,2017,M11,2017 Nov,4.5
California,2017,M12,2017 Dec,4.5
California,2018,M01,2018 Jan,4.4
California,2018,M02,2018 Feb,4.4
California,2018,M03,2018 Mar,4.3
California,2018,M04,2018 Apr,4.3
California,2018,M05,2018 May,4.2
California,2018,M06,2018 Jun,4.2
California,2018,M07,2018 Jul,4.2
California,2018,M08,2018 Aug,4.2
California,2018,M09,2018 Sep,4.2
California,2018,M10,2018 Oct,4.3
California,2018,M11,2018 Nov,4.3
California,2018,M12,2018 Dec,4.3
California,2019,M01,2019 Jan,4.3
California,2019,M02,2019 Feb,4.3
California,2019,M03,2019 Mar,4.2
California,2019,M04,2019 Apr,4.1
California,2019,M05,2019 May,4.1
California,2019,M06,2019 Jun,4.1
California,2019,M07,2019 Jul,4.1
California,2019,M08,2019 Aug,4.1
California,2019,M09,2019 Sep,4.1
California,2019,M10,2019 Oct,4.1
California,2019,M11,2019 Nov,4.1
California,2019,M12,2019 Dec,4.2
California,2020,M01,2020 Jan,4.2
California,2020,M02,2020 Feb,4.3
California,2020,M03,2020 Mar,4.5
California,2020,M04,2020 Apr,16
California,2020,M05,2020 May,15.6
California,2020,M06,2020 Jun,14.1
California,2020,M07,2020 Jul,13.2
California,2020,M08,2020 Aug,12.3
California,2020,M09,2020 Sep,10.6
California,2020,M10,2020 Oct,9.8
California,2020,M11,2020 Nov,8.7
California,2020,M12,2020 Dec,9.3
California,2021,M01,2021 Jan,9
California,2021,M02,2021 Feb,8.5
California,2021,M03,2021 Mar,8.3
California,2021,M04,2021 Apr,8
California,2021,M05,2021 May,7.7
California,2021,M06,2021 Jun,7.6
California,2021,M07,2021 Jul,7.6
California,2021,M08,2021 Aug,7.5
California,2021,M09,2021 Sep,7.5
California,2021,M10,2021 Oct,7.3
Colorado,2017,M01,2017 Jan,2.6
Colorado,2017,M02,2017 Feb,2.5
Colorado,2017,M03,2017 Mar,2.4
Colorado,2017,M04,2017 Apr,2.4
Colorado,2017,M05,2017 May,2.4
Colorado,2017,M06,2017 Jun,2.5
Colorado,2017,M07,2017 Jul,2.6
Colorado,2017,M08,2017 Aug,2.7
Colorado,2017,M09,2017 Sep,2.8
Colorado,2017,M10,2017 Oct,2.8
Colorado,2017,M11,2017 Nov,2.8
Colorado,2017,M12,2017 Dec,2.9
Colorado,2018,M01,2018 Jan,2.9
Colorado,2018,M02,2018 Feb,2.9
Colorado,2018,M03,2018 Mar,2.9
Colorado,2018,M04,2018 Apr,3
Colorado,2018,M05,2018 May,3
Colorado,2018,M06,2018 Jun,3.1
Colorado,2018,M07,2018 Jul,3.1
Colorado,2018,M08,2018 Aug,3.1
Colorado,2018,M09,2018 Sep,3.1
Colorado,2018,M10,2018 Oct,3.1
Colorado,2018,M11,2018 Nov,3.1
Colorado,2018,M12,2018 Dec,3.1
Colorado,2019,M01,2019 Jan,3
Colorado,2019,M02,2019 Feb,2.9
Colorado,2019,M03,2019 Mar,2.8
Colorado,2019,M04,2019 Apr,2.7
Colorado,2019,M05,2019 May,2.6
Colorado,2019,M06,2019 Jun,2.6
Colorado,2019,M07,2019 Jul,2.6
Colorado,2019,M08,2019 Aug,2.6
Colorado,2019,M09,2019 Sep,2.5
Colorado,2019,M10,2019 Oct,2.5
Colorado,2019,M11,2019 Nov,2.5
Colorado,2019,M12,2019 Dec,2.6
Colorado,2020,M01,2020 Jan,2.7
Colorado,2020,M02,2020 Feb,2.8
Colorado,2020,M03,2020 Mar,4.7
Colorado,2020,M04,2020 Apr,12.1
Colorado,2020,M05,2020 May,11.6
Colorado,2020,M06,2020 Jun,11.3
Colorado,2020,M07,2020 Jul,7.4
Colorado,2020,M08,2020 Aug,7.1
Colorado,2020,M09,2020 Sep,7
Colorado,2020,M10,2020 Oct,6.9
Colorado,2020,M11,2020 Nov,6.9
Colorado,2020,M12,2020 Dec,6.9
Colorado,2021,M01,2021 Jan,6.6
Colorado,2021,M02,2021 Feb,6.4
Colorado,2021,M03,2021 Mar,6.4
Colorado,2021,M04,2021 Apr,6.4
Colorado,2021,M05,2021 May,6.2
Colorado,2021,M06,2021 Jun,6.2
Colorado,2021,M07,2021 Jul,6.1
Colorado,2021,M08,2021 Aug,5.9
Colorado,2021,M09,2021 Sep,5.6
Colorado,2021,M10,2021 Oct,5.4
Connecticut,2017,M01,2017 Jan,4.6
Connecticut,2017,M02,2017 Feb,4.5
Connecticut,2017,M03,2017 Mar,4.5
Connecticut,2017,M04,2017 Apr,4.5
Connecticut,2017,M05,2017 May,4.4
Connecticut,2017,M06,2017 Jun,4.4
Connecticut,2017,M07,2017 Jul,4.4
Connecticut,2017,M08,2017 Aug,4.4
Connecticut,2017,M09,2017 Sep,4.3
Connecticut,2017,M10,2017 Oct,4.3
Connecticut,2017,M11,2017 Nov,4.3
Connecticut,2017,M12,2017 Dec,4.3
Connecticut,2018,M01,2018 Jan,4.2
Connecticut,2018,M02,2018 Feb,4.2
Connecticut,2018,M03,2018 Mar,4.1
Connecticut,2018,M04,2018 Apr,4
Connecticut,2018,M05,2018 May,4
Connecticut,2018,M06,2018 Jun,3.9
Connecticut,2018,M07,2018 Jul,3.8
Connecticut,2018,M08,2018 Aug,3.8
Connecticut,2018,M09,2018 Sep,3.8
Connecticut,2018,M10,2018 Oct,3.8
Connecticut,2018,M11,2018 Nov,3.7
Connecticut,2018,M12,2018 Dec,3.7
Connecticut,2019,M01,2019 Jan,3.7
Connecticut,2019,M02,2019 Feb,3.7
Connecticut,2019,M03,2019 Mar,3.6
Connecticut,2019,M04,2019 Apr,3.6
Connecticut,2019,M05,2019 May,3.5
Connecticut,2019,M06,2019 Jun,3.5
Connecticut,2019,M07,2019 Jul,3.5
Connecticut,2019,M08,2019 Aug,3.6
Connecticut,2019,M09,2019 Sep,3.6
Connecticut,2019,M10,2019 Oct,3.6
Connecticut,2019,M11,2019 Nov,3.6
Connecticut,2019,M12,2019 Dec,3.6
Connecticut,2020,M01,2020 Jan,3.7
Connecticut,2020,M02,2020 Feb,3.7
Connecticut,2020,M03,2020 Mar,3.8
Connecticut,2020,M04,2020 Apr,8.6
Connecticut,2020,M05,2020 May,11.4
Connecticut,2020,M06,2020 Jun,11.4
Connecticut,2020,M07,2020 Jul,11.3
Connecticut,2020,M08,2020 Aug,8.4
Connecticut,2020,M09,2020 Sep,8.3
Connecticut,2020,M10,2020 Oct,8.2
Connecticut,2020,M11,2020 Nov,8.2
Connecticut,2020,M12,2020 Dec,8.2
Connecticut,2021,M01,2021 Jan,8.1
Connecticut,2021,M02,2021 Feb,8.5
Connecticut,2021,M03,2021 Mar,8.3
Connecticut,2021,M04,2021 Apr,8.1
Connecticut,2021,M05,2021 May,8.1
Connecticut,2021,M06,2021 Jun,7.7
Connecticut,2021,M07,2021 Jul,7.3
Connecticut,2021,M08,2021 Aug,7.2
Connecticut,2021,M09,2021 Sep,6.8
Connecticut,2021,M10,2021 Oct,6.4
Delaware,2017,M01,2017 Jan,4.7
Delaware,2017,M02,2017 Feb,4.6
Delaware,2017,M03,2017 Mar,4.6
Delaware,2017,M04,2017 Apr,4.5
Delaware,2017,M05,2017 May,4.5
Delaware,2017,M06,2017 Jun,4.4
Delaware,2017,M07,2017 Jul,4.4
Delaware,2017,M08,2017 Aug,4.4
Delaware,2017,M09,2017 Sep,4.4
Delaware,2017,M10,2017 Oct,4.4
Delaware,2017,M11,2017 Nov,4.3
Delaware,2017,M12,2017 Dec,4.2
Delaware,2018,M01,2018 Jan,4.1
Delaware,2018,M02,2018 Feb,4
Delaware,2018,M03,2018 Mar,3.9
Delaware,2018,M04,2018 Apr,3.8
Delaware,2018,M05,2018 May,3.7
Delaware,2018,M06,2018 Jun,3.6
Delaware,2018,M07,2018 Jul,3.6
Delaware,2018,M08,2018 Aug,3.6
Delaware,2018,M09,2018 Sep,3.6
Delaware,2018,M10,2018 Oct,3.5
Delaware,2018,M11,2018 Nov,3.5
Delaware,2018,M12,2018 Dec,3.5
Delaware,2019,M01,2019 Jan,3.5
Delaware,2019,M02,2019 Feb,3.5
Delaware,2019,M03,2019 Mar,3.4
Delaware,2019,M04,2019 Apr,3.4
Delaware,2019,M05,2019 May,3.4
Delaware,2019,M06,2019 Jun,3.5
Delaware,2019,M07,2019 Jul,3.6
Delaware,2019,M08,2019 Aug,3.7
Delaware,2019,M09,2019 Sep,3.8
Delaware,2019,M10,2019 Oct,3.9
Delaware,2019,M11,2019 Nov,4
Delaware,2019,M12,2019 Dec,4.1
Delaware,2020,M01,2020 Jan,4.3
Delaware,2020,M02,2020 Feb,4.5
Delaware,2020,M03,2020 Mar,4.8
Delaware,2020,M04,2020 Apr,13.4
Delaware,2020,M05,2020 May,13.3
Delaware,2020,M06,2020 Jun,12.9
Delaware,2020,M07,2020 Jul,8.3
Delaware,2020,M08,2020 Aug,7.9
Delaware,2020,M09,2020 Sep,7.6
Delaware,2020,M10,2020 Oct,5.7
Delaware,2020,M11,2020 Nov,5.8
Delaware,2020,M12,2020 Dec,5.9
Delaware,2021,M01,2021 Jan,6.1
Delaware,2021,M02,2021 Feb,6.3
Delaware,2021,M03,2021 Mar,6.5
Delaware,2021,M04,2021 Apr,6.4
Delaware,2021,M05,2021 May,5.9
Delaware,2021,M06,2021 Jun,5.8
Delaware,2021,M07,2021 Jul,5.6
Delaware,2021,M08,2021 Aug,5.4
Delaware,2021,M09,2021 Sep,5.4
Delaware,2021,M10,2021 Oct,5.3
Florida,2017,M01,2017 Jan,4.7
Florida,2017,M02,2017 Feb,4.5
Florida,2017,M03,2017 Mar,4.4
Florida,2017,M04,2017 Apr,4.3
Florida,2017,M05,2017 May,4.3
Florida,2017,M06,2017 Jun,4.2
Florida,2017,M07,2017 Jul,4.2
Florida,2017,M08,2017 Aug,4.2
Florida,2017,M09,2017 Sep,4.1
Florida,2017,M10,2017 Oct,4.1
Florida,2017,M11,2017 Nov,4
Florida,2017,M12,2017 Dec,4
Florida,2018,M01,2018 Jan,3.9
Florida,2018,M02,2018 Feb,3.9
Florida,2018,M03,2018 Mar,3.8
Florida,2018,M04,2018 Apr,3.7
Florida,2018,M05,2018 May,3.6
Florida,2018,M06,2018 Jun,3.6
Florida,2018,M07,2018 Jul,3.5
Florida,2018,M08,2018 Aug,3.5
Florida,2018,M09,2018 Sep,3.5
Florida,2018,M10,2018 Oct,3.5
Florida,2018,M11,2018 Nov,3.5
Florida,2018,M12,2018 Dec,3.5
Florida,2019,M01,2019 Jan,3.5
Florida,2019,M02,2019 Feb,3.4
Florida,2019,M03,2019 Mar,3.4
Florida,2019,M04,2019 Apr,3.3
Florida,2019,M05,2019 May,3.3
Florida,2019,M06,2019 Jun,3.2
Florida,2019,M07,2019 Jul,3.3
Florida,2019,M08,2019 Aug,3.3
Florida,2019,M09,2019 Sep,3.2
Florida,2019,M10,2019 Oct,3.2
Florida,2019,M11,2019 Nov,3.2
Florida,2019,M12,2019 Dec,3.2
Florida,2020,M01,2020 Jan,3.3
Florida,2020,M02,2020 Feb,3.3
Florida,2020,M03,2020 Mar,4.9
Florida,2020,M04,2020 Apr,14
Florida,2020,M05,2020 May,14.2
Florida,2020,M06,2020 Jun,11.6
Florida,2020,M07,2020 Jul,11.5
Florida,2020,M08,2020 Aug,7.9
Florida,2020,M09,2020 Sep,7.2
Florida,2020,M10,2020 Oct,5.8
Florida,2020,M11,2020 Nov,5.4
Florida,2020,M12,2020 Dec,5.1
Florida,2021,M01,2021 Jan,4.8
Florida,2021,M02,2021 Feb,4.7
Florida,2021,M03,2021 Mar,4.7
Florida,2021,M04,2021 Apr,4.8
Florida,2021,M05,2021 May,4.9
Florida,2021,M06,2021 Jun,5
Florida,2021,M07,2021 Jul,5.1
Florida,2021,M08,2021 Aug,5
Florida,2021,M09,2021 Sep,4.8
Florida,2021,M10,2021 Oct,4.6
Georgia,2017,M01,2017 Jan,5.2
Georgia,2017,M02,2017 Feb,5.1
Georgia,2017,M03,2017 Mar,5
Georgia,2017,M04,2017 Apr,4.9
Georgia,2017,M05,2017 May,4.9
Georgia,2017,M06,2017 Jun,4.8
Georgia,2017,M07,2017 Jul,4.7
Georgia,2017,M08,2017 Aug,4.6
Georgia,2017,M09,2017 Sep,4.6
Georgia,2017,M10,2017 Oct,4.5
Georgia,2017,M11,2017 Nov,4.5
Georgia,2017,M12,2017 Dec,4.4
Georgia,2018,M01,2018 Jan,4.3
Georgia,2018,M02,2018 Feb,4.3
Georgia,2018,M03,2018 Mar,4.2
Georgia,2018,M04,2018 Apr,4.1
Georgia,2018,M05,2018 May,4
Georgia,2018,M06,2018 Jun,4
Georgia,2018,M07,2018 Jul,3.9
Georgia,2018,M08,2018 Aug,3.9
Georgia,2018,M09,2018 Sep,3.9
Georgia,2018,M10,2018 Oct,3.9
Georgia,2018,M11,2018 Nov,3.9
Georgia,2018,M12,2018 Dec,3.9
Georgia,2019,M01,2019 Jan,3.9
Georgia,2019,M02,2019 Feb,3.8
Georgia,2019,M03,2019 Mar,3.7
Georgia,2019,M04,2019 Apr,3.6
Georgia,2019,M05,2019 May,3.6
Georgia,2019,M06,2019 Jun,3.5
Georgia,2019,M07,2019 Jul,3.5
Georgia,2019,M08,2019 Aug,3.5
Georgia,2019,M09,2019 Sep,3.4
Georgia,2019,M10,2019 Oct,3.3
Georgia,2019,M11,2019 Nov,3.3
Georgia,2019,M12,2019 Dec,3.3
Georgia,2020,M01,2020 Jan,3.3
Georgia,2020,M02,2020 Feb,3.5
Georgia,2020,M03,2020 Mar,3.6
Georgia,2020,M04,2020 Apr,12.5
Georgia,2020,M05,2020 May,9.4
Georgia,2020,M06,2020 Jun,8.4
Georgia,2020,M07,2020 Jul,7.6
Georgia,2020,M08,2020 Aug,7
Georgia,2020,M09,2020 Sep,6.5
Georgia,2020,M10,2020 Oct,5.9
Georgia,2020,M11,2020 Nov,5.6
Georgia,2020,M12,2020 Dec,5.3
Georgia,2021,M01,2021 Jan,5.1
Georgia,2021,M02,2021 Feb,4.8
Georgia,2021,M03,2021 Mar,4.5
Georgia,2021,M04,2021 Apr,4.3
Georgia,2021,M05,2021 May,4.1
Georgia,2021,M06,2021 Jun,4
Georgia,2021,M07,2021 Jul,3.7
Georgia,2021,M08,2021 Aug,3.5
Georgia,2021,M09,2021 Sep,3.3
Georgia,2021,M10,2021 Oct,3.1
Hawaii,2017,M01,2017 Jan,2.6
Hawaii,2017,M02,2017 Feb,2.5
Hawaii,2017,M03,2017 Mar,2.5
Hawaii,2017,M04,2017 Apr,2.4
Hawaii,2017,M05,2017 May,2.3
Hawaii,2017,M06,2017 Jun,2.2
Hawaii,2017,M07,2017 Jul,2.1
Hawaii,2017,M08,2017 Aug,2
Hawaii,2017,M09,2017 Sep,2
Hawaii,2017,M10,2017 Oct,2
Hawaii,2017,M11,2017 Nov,2
Hawaii,2017,M12,2017 Dec,2
Hawaii,2018,M01,2018 Jan,2.1
Hawaii,2018,M02,2018 Feb,2.1
Hawaii,2018,M03,2018 Mar,2.1
Hawaii,2018,M04,2018 Apr,2.2
Hawaii,2018,M05,2018 May,2.2
Hawaii,2018,M06,2018 Jun,2.3
Hawaii,2018,M07,2018 Jul,2.4
Hawaii,2018,M08,2018 Aug,2.4
Hawaii,2018,M09,2018 Sep,2.5
Hawaii,2018,M10,2018 Oct,2.6
Hawaii,2018,M11,2018 Nov,2.7
Hawaii,2018,M12,2018 Dec,2.7
Hawaii,2019,M01,2019 Jan,2.7
Hawaii,2019,M02,2019 Feb,2.7
Hawaii,2019,M03,2019 Mar,2.6
Hawaii,2019,M04,2019 Apr,2.6
Hawaii,2019,M05,2019 May,2.5
Hawaii,2019,M06,2019 Jun,2.5
Hawaii,2019,M07,2019 Jul,2.5
Hawaii,2019,M08,2019 Aug,2.4
Hawaii,2019,M09,2019 Sep,2.3
Hawaii,2019,M10,2019 Oct,2.2
Hawaii,2019,M11,2019 Nov,2.1
Hawaii,2019,M12,2019 Dec,2.1
Hawaii,2020,M01,2020 Jan,2
Hawaii,2020,M02,2020 Feb,2.1
Hawaii,2020,M03,2020 Mar,2.1
Hawaii,2020,M04,2020 Apr,21.9
Hawaii,2020,M05,2020 May,21.9
Hawaii,2020,M06,2020 Jun,14.1
Hawaii,2020,M07,2020 Jul,14.1
Hawaii,2020,M08,2020 Aug,14.1
Hawaii,2020,M09,2020 Sep,14.8
Hawaii,2020,M10,2020 Oct,14
Hawaii,2020,M11,2020 Nov,10.3
Hawaii,2020,M12,2020 Dec,10.3
Hawaii,2021,M01,2021 Jan,10.3
Hawaii,2021,M02,2021 Feb,9.2
Hawaii,2021,M03,2021 Mar,9.1
Hawaii,2021,M04,2021 Apr,8.5
Hawaii,2021,M05,2021 May,8
Hawaii,2021,M06,2021 Jun,7.7
Hawaii,2021,M07,2021 Jul,7.3
Hawaii,2021,M08,2021 Aug,7
Hawaii,2021,M09,2021 Sep,6.6
Hawaii,2021,M10,2021 Oct,6.3
Idaho,2017,M01,2017 Jan,3.4
Idaho,2017,M02,2017 Feb,3.4
Idaho,2017,M03,2017 Mar,3.3
Idaho,2017,M04,2017 Apr,3.2
Idaho,2017,M05,2017 May,3.1
Idaho,2017,M06,2017 Jun,3.1
Idaho,2017,M07,2017 Jul,3.1
Idaho,2017,M08,2017 Aug,3.1
Idaho,2017,M09,2017 Sep,3.1
Idaho,2017,M10,2017 Oct,3.1
Idaho,2017,M11,2017 Nov,3
Idaho,2017,M12,2017 Dec,3
Idaho,2018,M01,2018 Jan,3
Idaho,2018,M02,2018 Feb,2.9
Idaho,2018,M03,2018 Mar,2.8
Idaho,2018,M04,2018 Apr,2.8
Idaho,2018,M05,2018 May,2.8
Idaho,2018,M06,2018 Jun,2.7
Idaho,2018,M07,2018 Jul,2.7
Idaho,2018,M08,2018 Aug,2.7
Idaho,2018,M09,2018 Sep,2.8
Idaho,2018,M10,2018 Oct,2.8
Idaho,2018,M11,2018 Nov,2.9
Idaho,2018,M12,2018 Dec,2.9
Idaho,2019,M01,2019 Jan,2.9
Idaho,2019,M02,2019 Feb,2.9
Idaho,2019,M03,2019 Mar,2.8
Idaho,2019,M04,2019 Apr,2.8
Idaho,2019,M05,2019 May,2.8
Idaho,2019,M06,2019 Jun,2.8
Idaho,2019,M07,2019 Jul,2.8
Idaho,2019,M08,2019 Aug,2.8
Idaho,2019,M09,2019 Sep,2.7
Idaho,2019,M10,2019 Oct,2.7
Idaho,2019,M11,2019 Nov,2.6
Idaho,2019,M12,2019 Dec,2.5
Idaho,2020,M01,2020 Jan,2.6
Idaho,2020,M02,2020 Feb,2.6
Idaho,2020,M03,2020 Mar,2.7
Idaho,2020,M04,2020 Apr,11.6
Idaho,2020,M05,2020 May,8.3
Idaho,2020,M06,2020 Jun,7
Idaho,2020,M07,2020 Jul,5.9
Idaho,2020,M08,2020 Aug,4.9
Idaho,2020,M09,2020 Sep,6
Idaho,2020,M10,2020 Oct,4.8
Idaho,2020,M11,2020 Nov,4.3
Idaho,2020,M12,2020 Dec,3.8
Idaho,2021,M01,2021 Jan,3.5
Idaho,2021,M02,2021 Feb,3.3
Idaho,2021,M03,2021 Mar,3.2
Idaho,2021,M04,2021 Apr,3.1
Idaho,2021,M05,2021 May,3
Idaho,2021,M06,2021 Jun,3
Idaho,2021,M07,2021 Jul,3
Idaho,2021,M08,2021 Aug,2.9
Idaho,2021,M09,2021 Sep,2.9
Idaho,2021,M10,2021 Oct,2.8
Illinois,2017,M01,2017 Jan,5.3
Illinois,2017,M02,2017 Feb,5.1
Illinois,2017,M03,2017 Mar,5
Illinois,2017,M04,2017 Apr,5
Illinois,2017,M05,2017 May,4.9
Illinois,2017,M06,2017 Jun,4.9
Illinois,2017,M07,2017 Jul,5
Illinois,2017,M08,2017 Aug,5
Illinois,2017,M09,2017 Sep,4.9
Illinois,2017,M10,2017 Oct,4.8
Illinois,2017,M11,2017 Nov,4.8
Illinois,2017,M12,2017 Dec,4.7
Illinois,2018,M01,2018 Jan,4.5
Illinois,2018,M02,2018 Feb,4.5
Illinois,2018,M03,2018 Mar,4.4
Illinois,2018,M04,2018 Apr,4.3
Illinois,2018,M05,2018 May,4.3
Illinois,2018,M06,2018 Jun,4.3
Illinois,2018,M07,2018 Jul,4.3
Illinois,2018,M08,2018 Aug,4.3
Illinois,2018,M09,2018 Sep,4.3
Illinois,2018,M10,2018 Oct,4.4
Illinois,2018,M11,2018 Nov,4.4
Illinois,2018,M12,2018 Dec,4.5
Illinois,2019,M01,2019 Jan,4.5
Illinois,2019,M02,2019 Feb,4.5
Illinois,2019,M03,2019 Mar,4.4
Illinois,2019,M04,2019 Apr,4.2
Illinois,2019,M05,2019 May,4.1
Illinois,2019,M06,2019 Jun,4
Illinois,2019,M07,2019 Jul,3.9
Illinois,2019,M08,2019 Aug,3.8
Illinois,2019,M09,2019 Sep,3.7
Illinois,2019,M10,2019 Oct,3.6
Illinois,2019,M11,2019 Nov,3.5
Illinois,2019,M12,2019 Dec,3.5
Illinois,2020,M01,2020 Jan,3.5
Illinois,2020,M02,2020 Feb,3.6
Illinois,2020,M03,2020 Mar,3.7
Illinois,2020,M04,2020 Apr,16.5
Illinois,2020,M05,2020 May,15.4
Illinois,2020,M06,2020 Jun,14.2
Illinois,2020,M07,2020 Jul,12
Illinois,2020,M08,2020 Aug,11.1
Illinois,2020,M09,2020 Sep,10.4
Illinois,2020,M10,2020 Oct,8.1
Illinois,2020,M11,2020 Nov,8.1
Illinois,2020,M12,2020 Dec,8
Illinois,2021,M01,2021 Jan,7.7
Illinois,2021,M02,2021 Feb,7.4
Illinois,2021,M03,2021 Mar,7.1
Illinois,2021,M04,2021 Apr,7.1
Illinois,2021,M05,2021 May,7.1
Illinois,2021,M06,2021 Jun,7.2
Illinois,2021,M07,2021 Jul,7.1
Illinois,2021,M08,2021 Aug,7
Illinois,2021,M09,2021 Sep,6.2
Illinois,2021,M10,2021 Oct,6
Indiana,2017,M01,2017 Jan,3.8
Indiana,2017,M02,2017 Feb,3.7
Indiana,2017,M03,2017 Mar,3.6
Indiana,2017,M04,2017 Apr,3.5
Indiana,2017,M05,2017 May,3.4
Indiana,2017,M06,2017 Jun,3.4
Indiana,2017,M07,2017 Jul,3.5
Indiana,2017,M08,2017 Aug,3.5
Indiana,2017,M09,2017 Sep,3.5
Indiana,2017,M10,2017 Oct,3.4
Indiana,2017,M11,2017 Nov,3.3
Indiana,2017,M12,2017 Dec,3.3
Indiana,2018,M01,2018 Jan,3.3
Indiana,2018,M02,2018 Feb,3.3
Indiana,2018,M03,2018 Mar,3.3
Indiana,2018,M04,2018 Apr,3.4
Indiana,2018,M05,2018 May,3.4
Indiana,2018,M06,2018 Jun,3.4
Indiana,2018,M07,2018 Jul,3.4
Indiana,2018,M08,2018 Aug,3.4
Indiana,2018,M09,2018 Sep,3.4
Indiana,2018,M10,2018 Oct,3.4
Indiana,2018,M11,2018 Nov,3.4
Indiana,2018,M12,2018 Dec,3.5
Indiana,2019,M01,2019 Jan,3.5
Indiana,2019,M02,2019 Feb,3.4
Indiana,2019,M03,2019 Mar,3.3
Indiana,2019,M04,2019 Apr,3.3
Indiana,2019,M05,2019 May,3.2
Indiana,2019,M06,2019 Jun,3.2
Indiana,2019,M07,2019 Jul,3.2
Indiana,2019,M08,2019 Aug,3.2
Indiana,2019,M09,2019 Sep,3.2
Indiana,2019,M10,2019 Oct,3.1
Indiana,2019,M11,2019 Nov,3.1
Indiana,2019,M12,2019 Dec,3.1
Indiana,2020,M01,2020 Jan,3.2
Indiana,2020,M02,2020 Feb,3.2
Indiana,2020,M03,2020 Mar,3.3
Indiana,2020,M04,2020 Apr,16.9
Indiana,2020,M05,2020 May,12
Indiana,2020,M06,2020 Jun,10.1
Indiana,2020,M07,2020 Jul,8.6
Indiana,2020,M08,2020 Aug,7.3
Indiana,2020,M09,2020 Sep,6.3
Indiana,2020,M10,2020 Oct,5.6
Indiana,2020,M11,2020 Nov,5
Indiana,2020,M12,2020 Dec,4.6
Indiana,2021,M01,2021 Jan,4.2
Indiana,2021,M02,2021 Feb,4
Indiana,2021,M03,2021 Mar,3.9
Indiana,2021,M04,2021 Apr,3.9
Indiana,2021,M05,2021 May,4
Indiana,2021,M06,2021 Jun,4.1
Indiana,2021,M07,2021 Jul,4.1
Indiana,2021,M08,2021 Aug,4.1
Indiana,2021,M09,2021 Sep,3.5
Indiana,2021,M10,2021 Oct,3.3
Iowa,2017,M01,2017 Jan,3.4
Iowa,2017,M02,2017 Feb,3.3
Iowa,2017,M03,2017 Mar,3.2
Iowa,2017,M04,2017 Apr,3.2
Iowa,2017,M05,2017 May,3.1
Iowa,2017,M06,2017 Jun,3.1
Iowa,2017,M07,2017 Jul,3.1
Iowa,2017,M08,2017 Aug,3
Iowa,2017,M09,2017 Sep,3
Iowa,2017,M10,2017 Oct,2.9
Iowa,2017,M11,2017 Nov,2.9
Iowa,2017,M12,2017 Dec,2.8
Iowa,2018,M01,2018 Jan,2.8
Iowa,2018,M02,2018 Feb,2.7
Iowa,2018,M03,2018 Mar,2.7
Iowa,2018,M04,2018 Apr,2.6
Iowa,2018,M05,2018 May,2.6
Iowa,2018,M06,2018 Jun,2.5
Iowa,2018,M07,2018 Jul,2.5
Iowa,2018,M08,2018 Aug,2.5
Iowa,2018,M09,2018 Sep,2.5
Iowa,2018,M10,2018 Oct,2.6
Iowa,2018,M11,2018 Nov,2.6
Iowa,2018,M12,2018 Dec,2.6
Iowa,2019,M01,2019 Jan,2.7
Iowa,2019,M02,2019 Feb,2.7
Iowa,2019,M03,2019 Mar,2.7
Iowa,2019,M04,2019 Apr,2.7
Iowa,2019,M05,2019 May,2.7
Iowa,2019,M06,2019 Jun,2.7
Iowa,2019,M07,2019 Jul,2.8
Iowa,2019,M08,2019 Aug,2.8
Iowa,2019,M09,2019 Sep,2.8
Iowa,2019,M10,2019 Oct,2.8
Iowa,2019,M11,2019 Nov,2.8
Iowa,2019,M12,2019 Dec,2.8
Iowa,2020,M01,2020 Jan,2.8
Iowa,2020,M02,2020 Feb,2.9
Iowa,2020,M03,2020 Mar,2.9
Iowa,2020,M04,2020 Apr,11.1
Iowa,2020,M05,2020 May,8.3
Iowa,2020,M06,2020 Jun,7.1
Iowa,2020,M07,2020 Jul,6.1
Iowa,2020,M08,2020 Aug,5.3
Iowa,2020,M09,2020 Sep,4.7
Iowa,2020,M10,2020 Oct,4.2
Iowa,2020,M11,2020 Nov,3.9
Iowa,2020,M12,2020 Dec,3.7
Iowa,2021,M01,2021 Jan,3.6
Iowa,2021,M02,2021 Feb,3.7
Iowa,2021,M03,2021 Mar,3.7
Iowa,2021,M04,2021 Apr,3.8
Iowa,2021,M05,2021 May,3.9
Iowa,2021,M06,2021 Jun,4
Iowa,2021,M07,2021 Jul,4.1
Iowa,2021,M08,2021 Aug,4.1
Iowa,2021,M09,2021 Sep,4
Iowa,2021,M10,2021 Oct,3.9
Kansas,2017,M01,2017 Jan,3.9
Kansas,2017,M02,2017 Feb,3.8
Kansas,2017,M03,2017 Mar,3.7
Kansas,2017,M04,2017 Apr,3.7
Kansas,2017,M05,2017 May,3.6
Kansas,2017,M06,2017 Jun,3.6
Kansas,2017,M07,2017 Jul,3.6
Kansas,2017,M08,2017 Aug,3.6
Kansas,2017,M09,2017 Sep,3.6
Kansas,2017,M10,2017 Oct,3.5
Kansas,2017,M11,2017 Nov,3.5
Kansas,2017,M12,2017 Dec,3.5
Kansas,2018,M01,2018 Jan,3.4
Kansas,2018,M02,2018 Feb,3.4
Kansas,2018,M03,2018 Mar,3.3
Kansas,2018,M04,2018 Apr,3.3
Kansas,2018,M05,2018 May,3.2
Kansas,2018,M06,2018 Jun,3.2
Kansas,2018,M07,2018 Jul,3.2
Kansas,2018,M08,2018 Aug,3.2
Kansas,2018,M09,2018 Sep,3.3
Kansas,2018,M10,2018 Oct,3.3
Kansas,2018,M11,2018 Nov,3.3
Kansas,2018,M12,2018 Dec,3.3
Kansas,2019,M01,2019 Jan,3.3
Kansas,2019,M02,2019 Feb,3.3
Kansas,2019,M03,2019 Mar,3.2
Kansas,2019,M04,2019 Apr,3.1
Kansas,2019,M05,2019 May,3.1
Kansas,2019,M06,2019 Jun,3.1
Kansas,2019,M07,2019 Jul,3.1
Kansas,2019,M08,2019 Aug,3.1
Kansas,2019,M09,2019 Sep,3.1
Kansas,2019,M10,2019 Oct,3.1
Kansas,2019,M11,2019 Nov,3.1
Kansas,2019,M12,2019 Dec,3.1
Kansas,2020,M01,2020 Jan,3.1
Kansas,2020,M02,2020 Feb,3.2
Kansas,2020,M03,2020 Mar,3.2
Kansas,2020,M04,2020 Apr,12.6
Kansas,2020,M05,2020 May,9
Kansas,2020,M06,2020 Jun,7
Kansas,2020,M07,2020 Jul,6.6
Kansas,2020,M08,2020 Aug,6.2
Kansas,2020,M09,2020 Sep,6.1
Kansas,2020,M10,2020 Oct,4.7
Kansas,2020,M11,2020 Nov,4.7
Kansas,2020,M12,2020 Dec,4.7
Kansas,2021,M01,2021 Jan,3.4
Kansas,2021,M02,2021 Feb,3.8
Kansas,2021,M03,2021 Mar,3.7
Kansas,2021,M04,2021 Apr,3.5
Kansas,2021,M05,2021 May,3.5
Kansas,2021,M06,2021 Jun,3.7
Kansas,2021,M07,2021 Jul,3.8
Kansas,2021,M08,2021 Aug,3.8
Kansas,2021,M09,2021 Sep,3.9
Kansas,2021,M10,2021 Oct,3.9
Kentucky,2017,M01,2017 Jan,5.1
Kentucky,2017,M02,2017 Feb,5
Kentucky,2017,M03,2017 Mar,5
Kentucky,2017,M04,2017 Apr,5
Kentucky,2017,M05,2017 May,4.9
Kentucky,2017,M06,2017 Jun,4.9
Kentucky,2017,M07,2017 Jul,4.8
Kentucky,2017,M08,2017 Aug,4.7
Kentucky,2017,M09,2017 Sep,4.6
Kentucky,2017,M10,2017 Oct,4.5
Kentucky,2017,M11,2017 Nov,4.4
Kentucky,2017,M12,2017 Dec,4.3
Kentucky,2018,M01,2018 Jan,4.2
Kentucky,2018,M02,2018 Feb,4.2
Kentucky,2018,M03,2018 Mar,4.2
Kentucky,2018,M04,2018 Apr,4.2
Kentucky,2018,M05,2018 May,4.2
Kentucky,2018,M06,2018 Jun,4.2
Kentucky,2018,M07,2018 Jul,4.2
Kentucky,2018,M08,2018 Aug,4.2
Kentucky,2018,M09,2018 Sep,4.2
Kentucky,2018,M10,2018 Oct,4.2
Kentucky,2018,M11,2018 Nov,4.2
Kentucky,2018,M12,2018 Dec,4.2
Kentucky,2019,M01,2019 Jan,4.2
Kentucky,2019,M02,2019 Feb,4.2
Kentucky,2019,M03,2019 Mar,4.1
Kentucky,2019,M04,2019 Apr,4.1
Kentucky,2019,M05,2019 May,4.1
Kentucky,2019,M06,2019 Jun,4.1
Kentucky,2019,M07,2019 Jul,4.1
Kentucky,2019,M08,2019 Aug,4.1
Kentucky,2019,M09,2019 Sep,4.1
Kentucky,2019,M10,2019 Oct,4.1
Kentucky,2019,M11,2019 Nov,4.1
Kentucky,2019,M12,2019 Dec,4.1
Kentucky,2020,M01,2020 Jan,4.1
Kentucky,2020,M02,2020 Feb,4.2
Kentucky,2020,M03,2020 Mar,4.2
Kentucky,2020,M04,2020 Apr,16.9
Kentucky,2020,M05,2020 May,10.9
Kentucky,2020,M06,2020 Jun,5.7
Kentucky,2020,M07,2020 Jul,5.6
Kentucky,2020,M08,2020 Aug,5.5
Kentucky,2020,M09,2020 Sep,5.5
Kentucky,2020,M10,2020 Oct,5.5
Kentucky,2020,M11,2020 Nov,5.6
Kentucky,2020,M12,2020 Dec,5.6
Kentucky,2021,M01,2021 Jan,5.3
Kentucky,2021,M02,2021 Feb,5.2
Kentucky,2021,M03,2021 Mar,5
Kentucky,2021,M04,2021 Apr,4.7
Kentucky,2021,M05,2021 May,4.5
Kentucky,2021,M06,2021 Jun,4.4
Kentucky,2021,M07,2021 Jul,4.4
Kentucky,2021,M08,2021 Aug,4.3
Kentucky,2021,M09,2021 Sep,4.3
Kentucky,2021,M10,2021 Oct,4.2
Louisiana,2017,M01,2017 Jan,5.8
Louisiana,2017,M02,2017 Feb,5.7
Louisiana,2017,M03,2017 Mar,5.5
Louisiana,2017,M04,2017 Apr,5.4
Louisiana,2017,M05,2017 May,5.2
Louisiana,2017,M06,2017 Jun,5.1
Louisiana,2017,M07,2017 Jul,5
Louisiana,2017,M08,2017 Aug,4.9
Louisiana,2017,M09,2017 Sep,4.8
Louisiana,2017,M10,2017 Oct,4.7
Louisiana,2017,M11,2017 Nov,4.7
Louisiana,2017,M12,2017 Dec,4.7
Louisiana,2018,M01,2018 Jan,4.7
Louisiana,2018,M02,2018 Feb,4.7
Louisiana,2018,M03,2018 Mar,4.8
Louisiana,2018,M04,2018 Apr,4.9
Louisiana,2018,M05,2018 May,4.9
Louisiana,2018,M06,2018 Jun,4.9
Louisiana,2018,M07,2018 Jul,4.9
Louisiana,2018,M08,2018 Aug,4.9
Louisiana,2018,M09,2018 Sep,4.8
Louisiana,2018,M10,2018 Oct,4.8
Louisiana,2018,M11,2018 Nov,4.8
Louisiana,2018,M12,2018 Dec,4.8
Louisiana,2019,M01,2019 Jan,4.7
Louisiana,2019,M02,2019 Feb,4.6
Louisiana,2019,M03,2019 Mar,4.4
Louisiana,2019,M04,2019 Apr,4.4
Louisiana,2019,M05,2019 May,4.3
Louisiana,2019,M06,2019 Jun,4.4
Louisiana,2019,M07,2019 Jul,4.5
Louisiana,2019,M08,2019 Aug,4.7
Louisiana,2019,M09,2019 Sep,4.8
Louisiana,2019,M10,2019 Oct,4.9
Louisiana,2019,M11,2019 Nov,4.9
Louisiana,2019,M12,2019 Dec,5
Louisiana,2020,M01,2020 Jan,5.1
Louisiana,2020,M02,2020 Feb,5.2
Louisiana,2020,M03,2020 Mar,5.3
Louisiana,2020,M04,2020 Apr,13.1
Louisiana,2020,M05,2020 May,13.1
Louisiana,2020,M06,2020 Jun,9.4
Louisiana,2020,M07,2020 Jul,9.1
Louisiana,2020,M08,2020 Aug,8.2
Louisiana,2020,M09,2020 Sep,8
Louisiana,2020,M10,2020 Oct,7.9
Louisiana,2020,M11,2020 Nov,7.9
Louisiana,2020,M12,2020 Dec,7.9
Louisiana,2021,M01,2021 Jan,7.6
Louisiana,2021,M02,2021 Feb,7.6
Louisiana,2021,M03,2021 Mar,7.4
Louisiana,2021,M04,2021 Apr,7.2
Louisiana,2021,M05,2021 May,7.1
Louisiana,2021,M06,2021 Jun,6.9
Louisiana,2021,M07,2021 Jul,6.6
Louisiana,2021,M08,2021 Aug,6.2
Louisiana,2021,M09,2021 Sep,5.8
Louisiana,2021,M10,2021 Oct,5.4
Maine,2017,M01,2017 Jan,3.5
Maine,2017,M02,2017 Feb,3.4
Maine,2017,M03,2017 Mar,3.4
Maine,2017,M04,2017 Apr,3.4
Maine,2017,M05,2017 May,3.4
Maine,2017,M06,2017 Jun,3.4
Maine,2017,M07,2017 Jul,3.4
Maine,2017,M08,2017 Aug,3.4
Maine,2017,M09,2017 Sep,3.4
Maine,2017,M10,2017 Oct,3.3
Maine,2017,M11,2017 Nov,3.2
Maine,2017,M12,2017 Dec,3.1
Maine,2018,M01,2018 Jan,3
Maine,2018,M02,2018 Feb,2.9
Maine,2018,M03,2018 Mar,2.9
Maine,2018,M04,2018 Apr,3
Maine,2018,M05,2018 May,3.1
Maine,2018,M06,2018 Jun,3.2
Maine,2018,M07,2018 Jul,3.2
Maine,2018,M08,2018 Aug,3.3
Maine,2018,M09,2018 Sep,3.3
Maine,2018,M10,2018 Oct,3.2
Maine,2018,M11,2018 Nov,3.2
Maine,2018,M12,2018 Dec,3.1
Maine,2019,M01,2019 Jan,3
Maine,2019,M02,2019 Feb,2.8
Maine,2019,M03,2019 Mar,2.7
Maine,2019,M04,2019 Apr,2.6
Maine,2019,M05,2019 May,2.6
Maine,2019,M06,2019 Jun,2.6
Maine,2019,M07,2019 Jul,2.7
Maine,2019,M08,2019 Aug,2.7
Maine,2019,M09,2019 Sep,2.7
Maine,2019,M10,2019 Oct,2.7
Maine,2019,M11,2019 Nov,2.7
Maine,2019,M12,2019 Dec,2.8
Maine,2020,M01,2020 Jan,3
Maine,2020,M02,2020 Feb,3.1
Maine,2020,M03,2020 Mar,3.1
Maine,2020,M04,2020 Apr,9.1
Maine,2020,M05,2020 May,8.3
Maine,2020,M06,2020 Jun,5.3
Maine,2020,M07,2020 Jul,8.8
Maine,2020,M08,2020 Aug,5.2
Maine,2020,M09,2020 Sep,4.9
Maine,2020,M10,2020 Oct,4.8
Maine,2020,M11,2020 Nov,4.9
Maine,2020,M12,2020 Dec,5
Maine,2021,M01,2021 Jan,5.2
Maine,2021,M02,2021 Feb,4.8
Maine,2021,M03,2021 Mar,4.8
Maine,2021,M04,2021 Apr,4.8
Maine,2021,M05,2021 May,4.8
Maine,2021,M06,2021 Jun,4.8
Maine,2021,M07,2021 Jul,4.9
Maine,2021,M08,2021 Aug,4.9
Maine,2021,M09,2021 Sep,4.8
Maine,2021,M10,2021 Oct,4.9
Maryland,2017,M01,2017 Jan,4.2
Maryland,2017,M02,2017 Feb,4.1
Maryland,2017,M03,2017 Mar,4.1
Maryland,2017,M04,2017 Apr,4.1
Maryland,2017,M05,2017 May,4
Maryland,2017,M06,2017 Jun,4
Maryland,2017,M07,2017 Jul,4
Maryland,2017,M08,2017 Aug,4.1
Maryland,2017,M09,2017 Sep,4.1
Maryland,2017,M10,2017 Oct,4.1
Maryland,2017,M11,2017 Nov,4.1
Maryland,2017,M12,2017 Dec,4.1
Maryland,2018,M01,2018 Jan,4.1
Maryland,2018,M02,2018 Feb,4
Maryland,2018,M03,2018 Mar,4
Maryland,2018,M04,2018 Apr,3.9
Maryland,2018,M05,2018 May,3.9
Maryland,2018,M06,2018 Jun,3.8
Maryland,2018,M07,2018 Jul,3.8
Maryland,2018,M08,2018 Aug,3.7
Maryland,2018,M09,2018 Sep,3.7
Maryland,2018,M10,2018 Oct,3.7
Maryland,2018,M11,2018 Nov,3.7
Maryland,2018,M12,2018 Dec,3.7
Maryland,2019,M01,2019 Jan,3.7
Maryland,2019,M02,2019 Feb,3.6
Maryland,2019,M03,2019 Mar,3.6
Maryland,2019,M04,2019 Apr,3.5
Maryland,2019,M05,2019 May,3.5
Maryland,2019,M06,2019 Jun,3.5
Maryland,2019,M07,2019 Jul,3.5
Maryland,2019,M08,2019 Aug,3.5
Maryland,2019,M09,2019 Sep,3.4
Maryland,2019,M10,2019 Oct,3.4
Maryland,2019,M11,2019 Nov,3.3
Maryland,2019,M12,2019 Dec,3.3
Maryland,2020,M01,2020 Jan,3.4
Maryland,2020,M02,2020 Feb,3.5
Maryland,2020,M03,2020 Mar,3.5
Maryland,2020,M04,2020 Apr,9
Maryland,2020,M05,2020 May,9
Maryland,2020,M06,2020 Jun,8.6
Maryland,2020,M07,2020 Jul,8.7
Maryland,2020,M08,2020 Aug,8.6
Maryland,2020,M09,2020 Sep,7
Maryland,2020,M10,2020 Oct,6.8
Maryland,2020,M11,2020 Nov,6.8
Maryland,2020,M12,2020 Dec,6.8
Maryland,2021,M01,2021 Jan,6.4
Maryland,2021,M02,2021 Feb,6.2
Maryland,2021,M03,2021 Mar,6.2
Maryland,2021,M04,2021 Apr,6.2
Maryland,2021,M05,2021 May,6.1
Maryland,2021,M06,2021 Jun,6.2
Maryland,2021,M07,2021 Jul,6
Maryland,2021,M08,2021 Aug,6
Maryland,2021,M09,2021 Sep,5.8
Maryland,2021,M10,2021 Oct,5.7
Massachusetts,2017,M01,2017 Jan,3.9
Massachusetts,2017,M02,2017 Feb,3.8
Massachusetts,2017,M03,2017 Mar,3.8
Massachusetts,2017,M04,2017 Apr,3.8
Massachusetts,2017,M05,2017 May,3.8
Massachusetts,2017,M06,2017 Jun,3.8
Massachusetts,2017,M07,2017 Jul,3.8
Massachusetts,2017,M08,2017 Aug,3.8
Massachusetts,2017,M09,2017 Sep,3.8
Massachusetts,2017,M10,2017 Oct,3.8
Massachusetts,2017,M11,2017 Nov,3.8
Massachusetts,2017,M12,2017 Dec,3.7
Massachusetts,2018,M01,2018 Jan,3.7
Massachusetts,2018,M02,2018 Feb,3.6
Massachusetts,2018,M03,2018 Mar,3.6
Massachusetts,2018,M04,2018 Apr,3.5
Massachusetts,2018,M05,2018 May,3.5
Massachusetts,2018,M06,2018 Jun,3.5
Massachusetts,2018,M07,2018 Jul,3.4
Massachusetts,2018,M08,2018 Aug,3.4
Massachusetts,2018,M09,2018 Sep,3.3
Massachusetts,2018,M10,2018 Oct,3.3
Massachusetts,2018,M11,2018 Nov,3.3
Massachusetts,2018,M12,2018 Dec,3.3
Massachusetts,2019,M01,2019 Jan,3.2
Massachusetts,2019,M02,2019 Feb,3.2
Massachusetts,2019,M03,2019 Mar,3.1
Massachusetts,2019,M04,2019 Apr,3.1
Massachusetts,2019,M05,2019 May,3
Massachusetts,2019,M06,2019 Jun,3
Massachusetts,2019,M07,2019 Jul,3
Massachusetts,2019,M08,2019 Aug,3
Massachusetts,2019,M09,2019 Sep,3
Massachusetts,2019,M10,2019 Oct,2.9
Massachusetts,2019,M11,2019 Nov,2.9
Massachusetts,2019,M12,2019 Dec,2.9
Massachusetts,2020,M01,2020 Jan,2.8
Massachusetts,2020,M02,2020 Feb,2.8
Massachusetts,2020,M03,2020 Mar,2.7
Massachusetts,2020,M04,2020 Apr,16.4
Massachusetts,2020,M05,2020 May,15.3
Massachusetts,2020,M06,2020 Jun,14.8
Massachusetts,2020,M07,2020 Jul,9.8
Massachusetts,2020,M08,2020 Aug,9.3
Massachusetts,2020,M09,2020 Sep,8.9
Massachusetts,2020,M10,2020 Oct,8.5
Massachusetts,2020,M11,2020 Nov,8.4
Massachusetts,2020,M12,2020 Dec,8.4
Massachusetts,2021,M01,2021 Jan,7.8
Massachusetts,2021,M02,2021 Feb,7
Massachusetts,2021,M03,2021 Mar,6.7
Massachusetts,2021,M04,2021 Apr,6.4
Massachusetts,2021,M05,2021 May,5
Massachusetts,2021,M06,2021 Jun,4.9
Massachusetts,2021,M07,2021 Jul,4.9
Massachusetts,2021,M08,2021 Aug,5
Massachusetts,2021,M09,2021 Sep,5.2
Massachusetts,2021,M10,2021 Oct,5.3
Michigan,2017,M01,2017 Jan,4.9
Michigan,2017,M02,2017 Feb,4.7
Michigan,2017,M03,2017 Mar,4.5
Michigan,2017,M04,2017 Apr,4.4
Michigan,2017,M05,2017 May,4.3
Michigan,2017,M06,2017 Jun,4.4
Michigan,2017,M07,2017 Jul,4.5
Michigan,2017,M08,2017 Aug,4.6
Michigan,2017,M09,2017 Sep,4.7
Michigan,2017,M10,2017 Oct,4.7
Michigan,2017,M11,2017 Nov,4.7
Michigan,2017,M12,2017 Dec,4.6
Michigan,2018,M01,2018 Jan,4.5
Michigan,2018,M02,2018 Feb,4.4
Michigan,2018,M03,2018 Mar,4.3
Michigan,2018,M04,2018 Apr,4.2
Michigan,2018,M05,2018 May,4.1
Michigan,2018,M06,2018 Jun,4
Michigan,2018,M07,2018 Jul,4
Michigan,2018,M08,2018 Aug,4
Michigan,2018,M09,2018 Sep,4
Michigan,2018,M10,2018 Oct,4.1
Michigan,2018,M11,2018 Nov,4.1
Michigan,2018,M12,2018 Dec,4.2
Michigan,2019,M01,2019 Jan,4.2
Michigan,2019,M02,2019 Feb,4.2
Michigan,2019,M03,2019 Mar,4.2
Michigan,2019,M04,2019 Apr,4.2
Michigan,2019,M05,2019 May,4.2
Michigan,2019,M06,2019 Jun,4.2
Michigan,2019,M07,2019 Jul,4.1
Michigan,2019,M08,2019 Aug,4.1
Michigan,2019,M09,2019 Sep,4
Michigan,2019,M10,2019 Oct,3.9
Michigan,2019,M11,2019 Nov,3.8
Michigan,2019,M12,2019 Dec,3.7
Michigan,2020,M01,2020 Jan,3.7
Michigan,2020,M02,2020 Feb,3.7
Michigan,2020,M03,2020 Mar,3.7
Michigan,2020,M04,2020 Apr,23.6
Michigan,2020,M05,2020 May,20.8
Michigan,2020,M06,2020 Jun,14.1
Michigan,2020,M07,2020 Jul,9
Michigan,2020,M08,2020 Aug,8.5
Michigan,2020,M09,2020 Sep,8.2
Michigan,2020,M10,2020 Oct,8.1
Michigan,2020,M11,2020 Nov,8.2
Michigan,2020,M12,2020 Dec,8.2
Michigan,2021,M01,2021 Jan,5.7
Michigan,2021,M02,2021 Feb,5.2
Michigan,2021,M03,2021 Mar,5.1
Michigan,2021,M04,2021 Apr,4.9
Michigan,2021,M05,2021 May,5
Michigan,2021,M06,2021 Jun,5
Michigan,2021,M07,2021 Jul,4.8
Michigan,2021,M08,2021 Aug,4.7
Michigan,2021,M09,2021 Sep,6.3
Michigan,2021,M10,2021 Oct,6.1
Minnesota,2017,M01,2017 Jan,3.8
Minnesota,2017,M02,2017 Feb,3.7
Minnesota,2017,M03,2017 Mar,3.6
Minnesota,2017,M04,2017 Apr,3.5
Minnesota,2017,M05,2017 May,3.5
Minnesota,2017,M06,2017 Jun,3.4
Minnesota,2017,M07,2017 Jul,3.4
Minnesota,2017,M08,2017 Aug,3.4
Minnesota,2017,M09,2017 Sep,3.3
Minnesota,2017,M10,2017 Oct,3.3
Minnesota,2017,M11,2017 Nov,3.2
Minnesota,2017,M12,2017 Dec,3.2
Minnesota,2018,M01,2018 Jan,3.1
Minnesota,2018,M02,2018 Feb,3.1
Minnesota,2018,M03,2018 Mar,3.1
Minnesota,2018,M04,2018 Apr,3
Minnesota,2018,M05,2018 May,3
Minnesota,2018,M06,2018 Jun,2.9
Minnesota,2018,M07,2018 Jul,2.9
Minnesota,2018,M08,2018 Aug,2.9
Minnesota,2018,M09,2018 Sep,3
Minnesota,2018,M10,2018 Oct,3
Minnesota,2018,M11,2018 Nov,3.1
Minnesota,2018,M12,2018 Dec,3.2
Minnesota,2019,M01,2019 Jan,3.2
Minnesota,2019,M02,2019 Feb,3.2
Minnesota,2019,M03,2019 Mar,3.2
Minnesota,2019,M04,2019 Apr,3.2
Minnesota,2019,M05,2019 May,3.1
Minnesota,2019,M06,2019 Jun,3.1
Minnesota,2019,M07,2019 Jul,3.1
Minnesota,2019,M08,2019 Aug,3.1
Minnesota,2019,M09,2019 Sep,3.1
Minnesota,2019,M10,2019 Oct,3.1
Minnesota,2019,M11,2019 Nov,3.1
Minnesota,2019,M12,2019 Dec,3.1
Minnesota,2020,M01,2020 Jan,3.2
Minnesota,2020,M02,2020 Feb,3.3
Minnesota,2020,M03,2020 Mar,3.5
Minnesota,2020,M04,2020 Apr,9
Minnesota,2020,M05,2020 May,11.3
Minnesota,2020,M06,2020 Jun,8.9
Minnesota,2020,M07,2020 Jul,7.6
Minnesota,2020,M08,2020 Aug,6.6
Minnesota,2020,M09,2020 Sep,5.8
Minnesota,2020,M10,2020 Oct,5.3
Minnesota,2020,M11,2020 Nov,5
Minnesota,2020,M12,2020 Dec,4.7
Minnesota,2021,M01,2021 Jan,4.5
Minnesota,2021,M02,2021 Feb,4.4
Minnesota,2021,M03,2021 Mar,4.2
Minnesota,2021,M04,2021 Apr,4.1
Minnesota,2021,M05,2021 May,4
Minnesota,2021,M06,2021 Jun,4
Minnesota,2021,M07,2021 Jul,3.9
Minnesota,2021,M08,2021 Aug,3.8
Minnesota,2021,M09,2021 Sep,3.7
Minnesota,2021,M10,2021 Oct,3.5
Mississippi,2017,M01,2017 Jan,5.6
Mississippi,2017,M02,2017 Feb,5.5
Mississippi,2017,M03,2017 Mar,5.4
Mississippi,2017,M04,2017 Apr,5.4
Mississippi,2017,M05,2017 May,5.3
Mississippi,2017,M06,2017 Jun,5.3
Mississippi,2017,M07,2017 Jul,5.2
Mississippi,2017,M08,2017 Aug,5.1
Mississippi,2017,M09,2017 Sep,5
Mississippi,2017,M10,2017 Oct,5
Mississippi,2017,M11,2017 Nov,4.9
Mississippi,2017,M12,2017 Dec,4.9
Mississippi,2018,M01,2018 Jan,4.9
Mississippi,2018,M02,2018 Feb,4.9
Mississippi,2018,M03,2018 Mar,4.9
Mississippi,2018,M04,2018 Apr,4.9
Mississippi,2018,M05,2018 May,4.9
Mississippi,2018,M06,2018 Jun,4.8
Mississippi,2018,M07,2018 Jul,4.8
Mississippi,2018,M08,2018 Aug,4.8
Mississippi,2018,M09,2018 Sep,4.9
Mississippi,2018,M10,2018 Oct,5
Mississippi,2018,M11,2018 Nov,5.2
Mississippi,2018,M12,2018 Dec,5.3
Mississippi,2019,M01,2019 Jan,5.4
Mississippi,2019,M02,2019 Feb,5.4
Mississippi,2019,M03,2019 Mar,5.4
Mississippi,2019,M04,2019 Apr,5.4
Mississippi,2019,M05,2019 May,5.4
Mississippi,2019,M06,2019 Jun,5.5
Mississippi,2019,M07,2019 Jul,5.6
Mississippi,2019,M08,2019 Aug,5.7
Mississippi,2019,M09,2019 Sep,5.7
Mississippi,2019,M10,2019 Oct,5.6
Mississippi,2019,M11,2019 Nov,5.6
Mississippi,2019,M12,2019 Dec,5.5
Mississippi,2020,M01,2020 Jan,5.6
Mississippi,2020,M02,2020 Feb,5.8
Mississippi,2020,M03,2020 Mar,6
Mississippi,2020,M04,2020 Apr,15.7
Mississippi,2020,M05,2020 May,11
Mississippi,2020,M06,2020 Jun,9.6
Mississippi,2020,M07,2020 Jul,8.5
Mississippi,2020,M08,2020 Aug,7.8
Mississippi,2020,M09,2020 Sep,7.2
Mississippi,2020,M10,2020 Oct,6.9
Mississippi,2020,M11,2020 Nov,6.7
Mississippi,2020,M12,2020 Dec,6.6
Mississippi,2021,M01,2021 Jan,6.4
Mississippi,2021,M02,2021 Feb,6.3
Mississippi,2021,M03,2021 Mar,6.2
Mississippi,2021,M04,2021 Apr,6.2
Mississippi,2021,M05,2021 May,6.1
Mississippi,2021,M06,2021 Jun,6.2
Mississippi,2021,M07,2021 Jul,6.1
Mississippi,2021,M08,2021 Aug,6
Mississippi,2021,M09,2021 Sep,5.8
Mississippi,2021,M10,2021 Oct,5.5
Missouri,2017,M01,2017 Jan,4.2
Missouri,2017,M02,2017 Feb,4
Missouri,2017,M03,2017 Mar,3.9
Missouri,2017,M04,2017 Apr,3.9
Missouri,2017,M05,2017 May,3.8
Missouri,2017,M06,2017 Jun,3.7
Missouri,2017,M07,2017 Jul,3.7
Missouri,2017,M08,2017 Aug,3.7
Missouri,2017,M09,2017 Sep,3.6
Missouri,2017,M10,2017 Oct,3.6
Missouri,2017,M11,2017 Nov,3.6
Missouri,2017,M12,2017 Dec,3.5
Missouri,2018,M01,2018 Jan,3.5
Missouri,2018,M02,2018 Feb,3.4
Missouri,2018,M03,2018 Mar,3.3
Missouri,2018,M04,2018 Apr,3.3
Missouri,2018,M05,2018 May,3.2
Missouri,2018,M06,2018 Jun,3.2
Missouri,2018,M07,2018 Jul,3.1
Missouri,2018,M08,2018 Aug,3.1
Missouri,2018,M09,2018 Sep,3.1
Missouri,2018,M10,2018 Oct,3.1
Missouri,2018,M11,2018 Nov,3.1
Missouri,2018,M12,2018 Dec,3.2
Missouri,2019,M01,2019 Jan,3.2
Missouri,2019,M02,2019 Feb,3.2
Missouri,2019,M03,2019 Mar,3.2
Missouri,2019,M04,2019 Apr,3.1
Missouri,2019,M05,2019 May,3.1
Missouri,2019,M06,2019 Jun,3.2
Missouri,2019,M07,2019 Jul,3.2
Missouri,2019,M08,2019 Aug,3.3
Missouri,2019,M09,2019 Sep,3.4
Missouri,2019,M10,2019 Oct,3.4
Missouri,2019,M11,2019 Nov,3.5
Missouri,2019,M12,2019 Dec,3.5
Missouri,2020,M01,2020 Jan,3.6
Missouri,2020,M02,2020 Feb,3.6
Missouri,2020,M03,2020 Mar,3.7
Missouri,2020,M04,2020 Apr,12.5
Missouri,2020,M05,2020 May,9.6
Missouri,2020,M06,2020 Jun,8.1
Missouri,2020,M07,2020 Jul,6.8
Missouri,2020,M08,2020 Aug,6
Missouri,2020,M09,2020 Sep,5.4
Missouri,2020,M10,2020 Oct,5
Missouri,2020,M11,2020 Nov,4.7
Missouri,2020,M12,2020 Dec,4.4
Missouri,2021,M01,2021 Jan,4.3
Missouri,2021,M02,2021 Feb,4.3
Missouri,2021,M03,2021 Mar,4.2
Missouri,2021,M04,2021 Apr,4.1
Missouri,2021,M05,2021 May,4.2
Missouri,2021,M06,2021 Jun,4.3
Missouri,2021,M07,2021 Jul,4.2
Missouri,2021,M08,2021 Aug,4
Missouri,2021,M09,2021 Sep,3.8
Missouri,2021,M10,2021 Oct,3.7
Montana,2017,M01,2017 Jan,4.2
Montana,2017,M02,2017 Feb,4.2
Montana,2017,M03,2017 Mar,4.1
Montana,2017,M04,2017 Apr,4.1
Montana,2017,M05,2017 May,4.1
Montana,2017,M06,2017 Jun,4.1
Montana,2017,M07,2017 Jul,4.1
Montana,2017,M08,2017 Aug,4.1
Montana,2017,M09,2017 Sep,4.1
Montana,2017,M10,2017 Oct,4.1
Montana,2017,M11,2017 Nov,4.1
Montana,2017,M12,2017 Dec,4
Montana,2018,M01,2018 Jan,4
Montana,2018,M02,2018 Feb,3.9
Montana,2018,M03,2018 Mar,3.9
Montana,2018,M04,2018 Apr,3.8
Montana,2018,M05,2018 May,3.8
Montana,2018,M06,2018 Jun,3.7
Montana,2018,M07,2018 Jul,3.7
Montana,2018,M08,2018 Aug,3.7
Montana,2018,M09,2018 Sep,3.7
Montana,2018,M10,2018 Oct,3.7
Montana,2018,M11,2018 Nov,3.7
Montana,2018,M12,2018 Dec,3.7
Montana,2019,M01,2019 Jan,3.7
Montana,2019,M02,2019 Feb,3.6
Montana,2019,M03,2019 Mar,3.6
Montana,2019,M04,2019 Apr,3.6
Montana,2019,M05,2019 May,3.6
Montana,2019,M06,2019 Jun,3.6
Montana,2019,M07,2019 Jul,3.6
Montana,2019,M08,2019 Aug,3.6
Montana,2019,M09,2019 Sep,3.6
Montana,2019,M10,2019 Oct,3.6
Montana,2019,M11,2019 Nov,3.6
Montana,2019,M12,2019 Dec,3.6
Montana,2020,M01,2020 Jan,3.7
Montana,2020,M02,2020 Feb,3.7
Montana,2020,M03,2020 Mar,3.8
Montana,2020,M04,2020 Apr,11.9
Montana,2020,M05,2020 May,9.1
Montana,2020,M06,2020 Jun,7.6
Montana,2020,M07,2020 Jul,6.6
Montana,2020,M08,2020 Aug,5.8
Montana,2020,M09,2020 Sep,5.2
Montana,2020,M10,2020 Oct,4.7
Montana,2020,M11,2020 Nov,4.5
Montana,2020,M12,2020 Dec,4.2
Montana,2021,M01,2021 Jan,4
Montana,2021,M02,2021 Feb,3.9
Montana,2021,M03,2021 Mar,3.8
Montana,2021,M04,2021 Apr,3.7
Montana,2021,M05,2021 May,3.6
Montana,2021,M06,2021 Jun,3.7
Montana,2021,M07,2021 Jul,3.6
Montana,2021,M08,2021 Aug,3.5
Montana,2021,M09,2021 Sep,3.3
Montana,2021,M10,2021 Oct,3.1
Nebraska,2017,M01,2017 Jan,3.1
Nebraska,2017,M02,2017 Feb,3
Nebraska,2017,M03,2017 Mar,3
Nebraska,2017,M04,2017 Apr,2.9
Nebraska,2017,M05,2017 May,2.9
Nebraska,2017,M06,2017 Jun,2.9
Nebraska,2017,M07,2017 Jul,2.9
Nebraska,2017,M08,2017 Aug,2.9
Nebraska,2017,M09,2017 Sep,2.9
Nebraska,2017,M10,2017 Oct,2.9
Nebraska,2017,M11,2017 Nov,2.9
Nebraska,2017,M12,2017 Dec,2.9
Nebraska,2018,M01,2018 Jan,2.9
Nebraska,2018,M02,2018 Feb,2.9
Nebraska,2018,M03,2018 Mar,2.9
Nebraska,2018,M04,2018 Apr,2.8
Nebraska,2018,M05,2018 May,2.8
Nebraska,2018,M06,2018 Jun,2.8
Nebraska,2018,M07,2018 Jul,2.8
Nebraska,2018,M08,2018 Aug,2.8
Nebraska,2018,M09,2018 Sep,2.8
Nebraska,2018,M10,2018 Oct,2.9
Nebraska,2018,M11,2018 Nov,2.9
Nebraska,2018,M12,2018 Dec,3
Nebraska,2019,M01,2019 Jan,3
Nebraska,2019,M02,2019 Feb,3
Nebraska,2019,M03,2019 Mar,3
Nebraska,2019,M04,2019 Apr,3
Nebraska,2019,M05,2019 May,3
Nebraska,2019,M06,2019 Jun,3
Nebraska,2019,M07,2019 Jul,3
Nebraska,2019,M08,2019 Aug,3
Nebraska,2019,M09,2019 Sep,3
Nebraska,2019,M10,2019 Oct,2.9
Nebraska,2019,M11,2019 Nov,2.9
Nebraska,2019,M12,2019 Dec,2.9
Nebraska,2020,M01,2020 Jan,2.9
Nebraska,2020,M02,2020 Feb,3
Nebraska,2020,M03,2020 Mar,3.1
Nebraska,2020,M04,2020 Apr,7.4
Nebraska,2020,M05,2020 May,5.4
Nebraska,2020,M06,2020 Jun,6.6
Nebraska,2020,M07,2020 Jul,4.4
Nebraska,2020,M08,2020 Aug,4
Nebraska,2020,M09,2020 Sep,3.8
Nebraska,2020,M10,2020 Oct,3.6
Nebraska,2020,M11,2020 Nov,3.4
Nebraska,2020,M12,2020 Dec,3.4
Nebraska,2021,M01,2021 Jan,3.2
Nebraska,2021,M02,2021 Feb,3.1
Nebraska,2021,M03,2021 Mar,2.9
Nebraska,2021,M04,2021 Apr,2.8
Nebraska,2021,M05,2021 May,2.6
Nebraska,2021,M06,2021 Jun,2.5
Nebraska,2021,M07,2021 Jul,2.3
Nebraska,2021,M08,2021 Aug,2.2
Nebraska,2021,M09,2021 Sep,2
Nebraska,2021,M10,2021 Oct,1.9
Nevada,2017,M01,2017 Jan,5.3
Nevada,2017,M02,2017 Feb,5.2
Nevada,2017,M03,2017 Mar,5.2
Nevada,2017,M04,2017 Apr,5.1
Nevada,2017,M05,2017 May,5.1
Nevada,2017,M06,2017 Jun,5
Nevada,2017,M07,2017 Jul,5
Nevada,2017,M08,2017 Aug,4.9
Nevada,2017,M09,2017 Sep,4.9
Nevada,2017,M10,2017 Oct,4.9
Nevada,2017,M11,2017 Nov,4.8
Nevada,2017,M12,2017 Dec,4.8
Nevada,2018,M01,2018 Jan,4.7
Nevada,2018,M02,2018 Feb,4.6
Nevada,2018,M03,2018 Mar,4.6
Nevada,2018,M04,2018 Apr,4.5
Nevada,2018,M05,2018 May,4.4
Nevada,2018,M06,2018 Jun,4.3
Nevada,2018,M07,2018 Jul,4.3
Nevada,2018,M08,2018 Aug,4.3
Nevada,2018,M09,2018 Sep,4.3
Nevada,2018,M10,2018 Oct,4.3
Nevada,2018,M11,2018 Nov,4.3
Nevada,2018,M12,2018 Dec,4.3
Nevada,2019,M01,2019 Jan,4.2
Nevada,2019,M02,2019 Feb,4.1
Nevada,2019,M03,2019 Mar,4.1
Nevada,2019,M04,2019 Apr,4
Nevada,2019,M05,2019 May,3.9
Nevada,2019,M06,2019 Jun,3.9
Nevada,2019,M07,2019 Jul,3.9
Nevada,2019,M08,2019 Aug,3.9
Nevada,2019,M09,2019 Sep,3.8
Nevada,2019,M10,2019 Oct,3.7
Nevada,2019,M11,2019 Nov,3.7
Nevada,2019,M12,2019 Dec,3.6
Nevada,2020,M01,2020 Jan,3.7
Nevada,2020,M02,2020 Feb,3.7
Nevada,2020,M03,2020 Mar,6.4
Nevada,2020,M04,2020 Apr,29.5
Nevada,2020,M05,2020 May,24.5
Nevada,2020,M06,2020 Jun,15.4
Nevada,2020,M07,2020 Jul,16.6
Nevada,2020,M08,2020 Aug,14.5
Nevada,2020,M09,2020 Sep,13
Nevada,2020,M10,2020 Oct,12
Nevada,2020,M11,2020 Nov,8.7
Nevada,2020,M12,2020 Dec,8.2
Nevada,2021,M01,2021 Jan,8.5
Nevada,2021,M02,2021 Feb,8.4
Nevada,2021,M03,2021 Mar,8.1
Nevada,2021,M04,2021 Apr,8
Nevada,2021,M05,2021 May,7.8
Nevada,2021,M06,2021 Jun,7.8
Nevada,2021,M07,2021 Jul,7.7
Nevada,2021,M08,2021 Aug,7.7
Nevada,2021,M09,2021 Sep,7.5
Nevada,2021,M10,2021 Oct,7.3
New Hampshire,2017,M01,2017 Jan,2.9
New Hampshire,2017,M02,2017 Feb,2.9
New Hampshire,2017,M03,2017 Mar,2.9
New Hampshire,2017,M04,2017 Apr,2.8
New Hampshire,2017,M05,2017 May,2.8
New Hampshire,2017,M06,2017 Jun,2.8
New Hampshire,2017,M07,2017 Jul,2.8
New Hampshire,2017,M08,2017 Aug,2.8
New Hampshire,2017,M09,2017 Sep,2.8
New Hampshire,2017,M10,2017 Oct,2.8
New Hampshire,2017,M11,2017 Nov,2.8
New Hampshire,2017,M12,2017 Dec,2.8
New Hampshire,2018,M01,2018 Jan,2.8
New Hampshire,2018,M02,2018 Feb,2.8
New Hampshire,2018,M03,2018 Mar,2.7
New Hampshire,2018,M04,2018 Apr,2.7
New Hampshire,2018,M05,2018 May,2.7
New Hampshire,2018,M06,2018 Jun,2.6
New Hampshire,2018,M07,2018 Jul,2.6
New Hampshire,2018,M08,2018 Aug,2.6
New Hampshire,2018,M09,2018 Sep,2.5
New Hampshire,2018,M10,2018 Oct,2.6
New Hampshire,2018,M11,2018 Nov,2.6
New Hampshire,2018,M12,2018 Dec,2.6
New Hampshire,2019,M01,2019 Jan,2.6
New Hampshire,2019,M02,2019 Feb,2.6
New Hampshire,2019,M03,2019 Mar,2.6
New Hampshire,2019,M04,2019 Apr,2.6
New Hampshire,2019,M05,2019 May,2.6
New Hampshire,2019,M06,2019 Jun,2.6
New Hampshire,2019,M07,2019 Jul,2.6
New Hampshire,2019,M08,2019 Aug,2.6
New Hampshire,2019,M09,2019 Sep,2.6
New Hampshire,2019,M10,2019 Oct,2.6
New Hampshire,2019,M11,2019 Nov,2.6
New Hampshire,2019,M12,2019 Dec,2.6
New Hampshire,2020,M01,2020 Jan,2.6
New Hampshire,2020,M02,2020 Feb,2.6
New Hampshire,2020,M03,2020 Mar,2.7
New Hampshire,2020,M04,2020 Apr,16
New Hampshire,2020,M05,2020 May,13.4
New Hampshire,2020,M06,2020 Jun,10.3
New Hampshire,2020,M07,2020 Jul,8.1
New Hampshire,2020,M08,2020 Aug,6.6
New Hampshire,2020,M09,2020 Sep,5.5
New Hampshire,2020,M10,2020 Oct,4.7
New Hampshire,2020,M11,2020 Nov,4.2
New Hampshire,2020,M12,2020 Dec,3.8
New Hampshire,2021,M01,2021 Jan,3.6
New Hampshire,2021,M02,2021 Feb,3.3
New Hampshire,2021,M03,2021 Mar,3
New Hampshire,2021,M04,2021 Apr,2.8
New Hampshire,2021,M05,2021 May,2.9
New Hampshire,2021,M06,2021 Jun,2.9
New Hampshire,2021,M07,2021 Jul,2.9
New Hampshire,2021,M08,2021 Aug,3
New Hampshire,2021,M09,2021 Sep,2.9
New Hampshire,2021,M10,2021 Oct,2.9
New Jersey,2017,M01,2017 Jan,4.6
New Jersey,2017,M02,2017 Feb,4.5
New Jersey,2017,M03,2017 Mar,4.5
New Jersey,2017,M04,2017 Apr,4.4
New Jersey,2017,M05,2017 May,4.4
New Jersey,2017,M06,2017 Jun,4.5
New Jersey,2017,M07,2017 Jul,4.5
New Jersey,2017,M08,2017 Aug,4.5
New Jersey,2017,M09,2017 Sep,4.6
New Jersey,2017,M10,2017 Oct,4.6
New Jersey,2017,M11,2017 Nov,4.5
New Jersey,2017,M12,2017 Dec,4.5
New Jersey,2018,M01,2018 Jan,4.4
New Jersey,2018,M02,2018 Feb,4.4
New Jersey,2018,M03,2018 Mar,4.3
New Jersey,2018,M04,2018 Apr,4.2
New Jersey,2018,M05,2018 May,4.1
New Jersey,2018,M06,2018 Jun,4
New Jersey,2018,M07,2018 Jul,3.9
New Jersey,2018,M08,2018 Aug,3.8
New Jersey,2018,M09,2018 Sep,3.8
New Jersey,2018,M10,2018 Oct,3.7
New Jersey,2018,M11,2018 Nov,3.7
New Jersey,2018,M12,2018 Dec,3.6
New Jersey,2019,M01,2019 Jan,3.6
New Jersey,2019,M02,2019 Feb,3.5
New Jersey,2019,M03,2019 Mar,3.4
New Jersey,2019,M04,2019 Apr,3.3
New Jersey,2019,M05,2019 May,3.2
New Jersey,2019,M06,2019 Jun,3.2
New Jersey,2019,M07,2019 Jul,3.3
New Jersey,2019,M08,2019 Aug,3.4
New Jersey,2019,M09,2019 Sep,3.5
New Jersey,2019,M10,2019 Oct,3.5
New Jersey,2019,M11,2019 Nov,3.6
New Jersey,2019,M12,2019 Dec,3.6
New Jersey,2020,M01,2020 Jan,3.7
New Jersey,2020,M02,2020 Feb,3.7
New Jersey,2020,M03,2020 Mar,3.8
New Jersey,2020,M04,2020 Apr,16.6
New Jersey,2020,M05,2020 May,16.5
New Jersey,2020,M06,2020 Jun,16.3
New Jersey,2020,M07,2020 Jul,13.1
New Jersey,2020,M08,2020 Aug,11
New Jersey,2020,M09,2020 Sep,7.8
New Jersey,2020,M10,2020 Oct,7.7
New Jersey,2020,M11,2020 Nov,10.2
New Jersey,2020,M12,2020 Dec,7.7
New Jersey,2021,M01,2021 Jan,7.8
New Jersey,2021,M02,2021 Feb,7.8
New Jersey,2021,M03,2021 Mar,7.6
New Jersey,2021,M04,2021 Apr,7.5
New Jersey,2021,M05,2021 May,7.2
New Jersey,2021,M06,2021 Jun,7.2
New Jersey,2021,M07,2021 Jul,7.3
New Jersey,2021,M08,2021 Aug,7.2
New Jersey,2021,M09,2021 Sep,7.1
New Jersey,2021,M10,2021 Oct,7
New Mexico,2017,M01,2017 Jan,6.7
New Mexico,2017,M02,2017 Feb,6.6
New Mexico,2017,M03,2017 Mar,6.5
New Mexico,2017,M04,2017 Apr,6.4
New Mexico,2017,M05,2017 May,6.2
New Mexico,2017,M06,2017 Jun,6.1
New Mexico,2017,M07,2017 Jul,6
New Mexico,2017,M08,2017 Aug,5.9
New Mexico,2017,M09,2017 Sep,5.8
New Mexico,2017,M10,2017 Oct,5.7
New Mexico,2017,M11,2017 Nov,5.6
New Mexico,2017,M12,2017 Dec,5.4
New Mexico,2018,M01,2018 Jan,5.2
New Mexico,2018,M02,2018 Feb,5.1
New Mexico,2018,M03,2018 Mar,4.9
New Mexico,2018,M04,2018 Apr,4.8
New Mexico,2018,M05,2018 May,4.8
New Mexico,2018,M06,2018 Jun,4.7
New Mexico,2018,M07,2018 Jul,4.8
New Mexico,2018,M08,2018 Aug,4.8
New Mexico,2018,M09,2018 Sep,4.9
New Mexico,2018,M10,2018 Oct,5
New Mexico,2018,M11,2018 Nov,5.1
New Mexico,2018,M12,2018 Dec,5.2
New Mexico,2019,M01,2019 Jan,5.2
New Mexico,2019,M02,2019 Feb,5.1
New Mexico,2019,M03,2019 Mar,5.1
New Mexico,2019,M04,2019 Apr,5.1
New Mexico,2019,M05,2019 May,5
New Mexico,2019,M06,2019 Jun,5
New Mexico,2019,M07,2019 Jul,5
New Mexico,2019,M08,2019 Aug,5
New Mexico,2019,M09,2019 Sep,5
New Mexico,2019,M10,2019 Oct,4.9
New Mexico,2019,M11,2019 Nov,4.9
New Mexico,2019,M12,2019 Dec,5
New Mexico,2020,M01,2020 Jan,5.1
New Mexico,2020,M02,2020 Feb,5.3
New Mexico,2020,M03,2020 Mar,5.4
New Mexico,2020,M04,2020 Apr,10
New Mexico,2020,M05,2020 May,10
New Mexico,2020,M06,2020 Jun,9.8
New Mexico,2020,M07,2020 Jul,12.5
New Mexico,2020,M08,2020 Aug,9.3
New Mexico,2020,M09,2020 Sep,8.6
New Mexico,2020,M10,2020 Oct,8.5
New Mexico,2020,M11,2020 Nov,8.5
New Mexico,2020,M12,2020 Dec,8.6
New Mexico,2021,M01,2021 Jan,8.7
New Mexico,2021,M02,2021 Feb,8.3
New Mexico,2021,M03,2021 Mar,8.3
New Mexico,2021,M04,2021 Apr,8.1
New Mexico,2021,M05,2021 May,7.9
New Mexico,2021,M06,2021 Jun,7.9
New Mexico,2021,M07,2021 Jul,7.6
New Mexico,2021,M08,2021 Aug,7.2
New Mexico,2021,M09,2021 Sep,6.9
New Mexico,2021,M10,2021 Oct,6.5
New York,2017,M01,2017 Jan,4.7
New York,2017,M02,2017 Feb,4.7
New York,2017,M03,2017 Mar,4.6
New York,2017,M04,2017 Apr,4.6
New York,2017,M05,2017 May,4.6
New York,2017,M06,2017 Jun,4.7
New York,2017,M07,2017 Jul,4.7
New York,2017,M08,2017 Aug,4.7
New York,2017,M09,2017 Sep,4.7
New York,2017,M10,2017 Oct,4.6
New York,2017,M11,2017 Nov,4.6
New York,2017,M12,2017 Dec,4.6
New York,2018,M01,2018 Jan,4.5
New York,2018,M02,2018 Feb,4.4
New York,2018,M03,2018 Mar,4.3
New York,2018,M04,2018 Apr,4.2
New York,2018,M05,2018 May,4.1
New York,2018,M06,2018 Jun,4
New York,2018,M07,2018 Jul,3.9
New York,2018,M08,2018 Aug,3.9
New York,2018,M09,2018 Sep,3.9
New York,2018,M10,2018 Oct,3.9
New York,2018,M11,2018 Nov,4
New York,2018,M12,2018 Dec,4
New York,2019,M01,2019 Jan,4
New York,2019,M02,2019 Feb,3.9
New York,2019,M03,2019 Mar,3.9
New York,2019,M04,2019 Apr,3.8
New York,2019,M05,2019 May,3.8
New York,2019,M06,2019 Jun,3.8
New York,2019,M07,2019 Jul,3.8
New York,2019,M08,2019 Aug,3.8
New York,2019,M09,2019 Sep,3.8
New York,2019,M10,2019 Oct,3.8
New York,2019,M11,2019 Nov,3.7
New York,2019,M12,2019 Dec,3.7
New York,2020,M01,2020 Jan,3.8
New York,2020,M02,2020 Feb,3.9
New York,2020,M03,2020 Mar,3.9
New York,2020,M04,2020 Apr,16.2
New York,2020,M05,2020 May,15.7
New York,2020,M06,2020 Jun,15
New York,2020,M07,2020 Jul,14.7
New York,2020,M08,2020 Aug,11.7
New York,2020,M09,2020 Sep,10
New York,2020,M10,2020 Oct,8.7
New York,2020,M11,2020 Nov,8.7
New York,2020,M12,2020 Dec,8.7
New York,2021,M01,2021 Jan,8.8
New York,2021,M02,2021 Feb,8.9
New York,2021,M03,2021 Mar,8.4
New York,2021,M04,2021 Apr,8.2
New York,2021,M05,2021 May,7.8
New York,2021,M06,2021 Jun,7.7
New York,2021,M07,2021 Jul,7.6
New York,2021,M08,2021 Aug,7.4
New York,2021,M09,2021 Sep,7.1
New York,2021,M10,2021 Oct,6.9
North Carolina,2017,M01,2017 Jan,4.9
North Carolina,2017,M02,2017 Feb,4.8
North Carolina,2017,M03,2017 Mar,4.7
North Carolina,2017,M04,2017 Apr,4.6
North Carolina,2017,M05,2017 May,4.5
North Carolina,2017,M06,2017 Jun,4.5
North Carolina,2017,M07,2017 Jul,4.5
North Carolina,2017,M08,2017 Aug,4.4
North Carolina,2017,M09,2017 Sep,4.4
North Carolina,2017,M10,2017 Oct,4.4
North Carolina,2017,M11,2017 Nov,4.4
North Carolina,2017,M12,2017 Dec,4.3
North Carolina,2018,M01,2018 Jan,4.3
North Carolina,2018,M02,2018 Feb,4.2
North Carolina,2018,M03,2018 Mar,4.1
North Carolina,2018,M04,2018 Apr,4.1
North Carolina,2018,M05,2018 May,4
North Carolina,2018,M06,2018 Jun,4
North Carolina,2018,M07,2018 Jul,3.9
North Carolina,2018,M08,2018 Aug,3.9
North Carolina,2018,M09,2018 Sep,3.9
North Carolina,2018,M10,2018 Oct,3.9
North Carolina,2018,M11,2018 Nov,4
North Carolina,2018,M12,2018 Dec,4
North Carolina,2019,M01,2019 Jan,4
North Carolina,2019,M02,2019 Feb,4
North Carolina,2019,M03,2019 Mar,4
North Carolina,2019,M04,2019 Apr,3.9
North Carolina,2019,M05,2019 May,3.9
North Carolina,2019,M06,2019 Jun,3.8
North Carolina,2019,M07,2019 Jul,3.8
North Carolina,2019,M08,2019 Aug,3.7
North Carolina,2019,M09,2019 Sep,3.7
North Carolina,2019,M10,2019 Oct,3.6
North Carolina,2019,M11,2019 Nov,3.5
North Carolina,2019,M12,2019 Dec,3.5
North Carolina,2020,M01,2020 Jan,3.5
North Carolina,2020,M02,2020 Feb,3.6
North Carolina,2020,M03,2020 Mar,3.9
North Carolina,2020,M04,2020 Apr,13.5
North Carolina,2020,M05,2020 May,13.5
North Carolina,2020,M06,2020 Jun,8.8
North Carolina,2020,M07,2020 Jul,8.8
North Carolina,2020,M08,2020 Aug,6.8
North Carolina,2020,M09,2020 Sep,7.3
North Carolina,2020,M10,2020 Oct,6.8
North Carolina,2020,M11,2020 Nov,6.4
North Carolina,2020,M12,2020 Dec,6.1
North Carolina,2021,M01,2021 Jan,5.9
North Carolina,2021,M02,2021 Feb,5.7
North Carolina,2021,M03,2021 Mar,5.2
North Carolina,2021,M04,2021 Apr,5
North Carolina,2021,M05,2021 May,4.8
North Carolina,2021,M06,2021 Jun,4.6
North Carolina,2021,M07,2021 Jul,4.4
North Carolina,2021,M08,2021 Aug,4.3
North Carolina,2021,M09,2021 Sep,4.3
North Carolina,2021,M10,2021 Oct,4.1
North Dakota,2017,M01,2017 Jan,2.9
North Dakota,2017,M02,2017 Feb,2.8
North Dakota,2017,M03,2017 Mar,2.7
North Dakota,2017,M04,2017 Apr,2.6
North Dakota,2017,M05,2017 May,2.6
North Dakota,2017,M06,2017 Jun,2.6
North Dakota,2017,M07,2017 Jul,2.6
North Dakota,2017,M08,2017 Aug,2.6
North Dakota,2017,M09,2017 Sep,2.6
North Dakota,2017,M10,2017 Oct,2.7
North Dakota,2017,M11,2017 Nov,2.7
North Dakota,2017,M12,2017 Dec,2.7
North Dakota,2018,M01,2018 Jan,2.6
North Dakota,2018,M02,2018 Feb,2.6
North Dakota,2018,M03,2018 Mar,2.6
North Dakota,2018,M04,2018 Apr,2.5
North Dakota,2018,M05,2018 May,2.5
North Dakota,2018,M06,2018 Jun,2.5
North Dakota,2018,M07,2018 Jul,2.4
North Dakota,2018,M08,2018 Aug,2.4
North Dakota,2018,M09,2018 Sep,2.4
North Dakota,2018,M10,2018 Oct,2.4
North Dakota,2018,M11,2018 Nov,2.4
North Dakota,2018,M12,2018 Dec,2.4
North Dakota,2019,M01,2019 Jan,2.3
North Dakota,2019,M02,2019 Feb,2.3
North Dakota,2019,M03,2019 Mar,2.3
North Dakota,2019,M04,2019 Apr,2.3
North Dakota,2019,M05,2019 May,2.3
North Dakota,2019,M06,2019 Jun,2.3
North Dakota,2019,M07,2019 Jul,2.4
North Dakota,2019,M08,2019 Aug,2.4
North Dakota,2019,M09,2019 Sep,2.3
North Dakota,2019,M10,2019 Oct,2.3
North Dakota,2019,M11,2019 Nov,2.3
North Dakota,2019,M12,2019 Dec,2.2
North Dakota,2020,M01,2020 Jan,2.2
North Dakota,2020,M02,2020 Feb,2.3
North Dakota,2020,M03,2020 Mar,2.3
North Dakota,2020,M04,2020 Apr,8.7
North Dakota,2020,M05,2020 May,8.7
North Dakota,2020,M06,2020 Jun,6.2
North Dakota,2020,M07,2020 Jul,6.2
North Dakota,2020,M08,2020 Aug,6.1
North Dakota,2020,M09,2020 Sep,4.7
North Dakota,2020,M10,2020 Oct,4.7
North Dakota,2020,M11,2020 Nov,4.7
North Dakota,2020,M12,2020 Dec,4.7
North Dakota,2021,M01,2021 Jan,4.5
North Dakota,2021,M02,2021 Feb,4.8
North Dakota,2021,M03,2021 Mar,4.4
North Dakota,2021,M04,2021 Apr,4.2
North Dakota,2021,M05,2021 May,4
North Dakota,2021,M06,2021 Jun,4
North Dakota,2021,M07,2021 Jul,3.9
North Dakota,2021,M08,2021 Aug,3.6
North Dakota,2021,M09,2021 Sep,3.5
North Dakota,2021,M10,2021 Oct,3.3
Ohio,2017,M01,2017 Jan,5.2
Ohio,2017,M02,2017 Feb,5.2
Ohio,2017,M03,2017 Mar,5.1
Ohio,2017,M04,2017 Apr,5.1
Ohio,2017,M05,2017 May,5
Ohio,2017,M06,2017 Jun,5
Ohio,2017,M07,2017 Jul,5
Ohio,2017,M08,2017 Aug,5
Ohio,2017,M09,2017 Sep,4.9
Ohio,2017,M10,2017 Oct,4.8
Ohio,2017,M11,2017 Nov,4.7
Ohio,2017,M12,2017 Dec,4.6
Ohio,2018,M01,2018 Jan,4.5
Ohio,2018,M02,2018 Feb,4.5
Ohio,2018,M03,2018 Mar,4.5
Ohio,2018,M04,2018 Apr,4.5
Ohio,2018,M05,2018 May,4.6
Ohio,2018,M06,2018 Jun,4.5
Ohio,2018,M07,2018 Jul,4.5
Ohio,2018,M08,2018 Aug,4.5
Ohio,2018,M09,2018 Sep,4.5
Ohio,2018,M10,2018 Oct,4.5
Ohio,2018,M11,2018 Nov,4.5
Ohio,2018,M12,2018 Dec,4.4
Ohio,2019,M01,2019 Jan,4.3
Ohio,2019,M02,2019 Feb,4.2
Ohio,2019,M03,2019 Mar,4.1
Ohio,2019,M04,2019 Apr,4
Ohio,2019,M05,2019 May,4
Ohio,2019,M06,2019 Jun,4.1
Ohio,2019,M07,2019 Jul,4.2
Ohio,2019,M08,2019 Aug,4.2
Ohio,2019,M09,2019 Sep,4.2
Ohio,2019,M10,2019 Oct,4.2
Ohio,2019,M11,2019 Nov,4.2
Ohio,2019,M12,2019 Dec,4.3
Ohio,2020,M01,2020 Jan,4.5
Ohio,2020,M02,2020 Feb,4.7
Ohio,2020,M03,2020 Mar,4.9
Ohio,2020,M04,2020 Apr,16.4
Ohio,2020,M05,2020 May,14.9
Ohio,2020,M06,2020 Jun,10.3
Ohio,2020,M07,2020 Jul,9.3
Ohio,2020,M08,2020 Aug,9
Ohio,2020,M09,2020 Sep,7.4
Ohio,2020,M10,2020 Oct,5.6
Ohio,2020,M11,2020 Nov,5.6
Ohio,2020,M12,2020 Dec,5.6
Ohio,2021,M01,2021 Jan,5.3
Ohio,2021,M02,2021 Feb,5
Ohio,2021,M03,2021 Mar,4.7
Ohio,2021,M04,2021 Apr,4.7
Ohio,2021,M05,2021 May,5
Ohio,2021,M06,2021 Jun,5.2
Ohio,2021,M07,2021 Jul,5.4
Ohio,2021,M08,2021 Aug,5.4
Ohio,2021,M09,2021 Sep,5.3
Ohio,2021,M10,2021 Oct,5.1
Oklahoma,2017,M01,2017 Jan,4.4
Oklahoma,2017,M02,2017 Feb,4.3
Oklahoma,2017,M03,2017 Mar,4.2
Oklahoma,2017,M04,2017 Apr,4.1
Oklahoma,2017,M05,2017 May,4
Oklahoma,2017,M06,2017 Jun,4
Oklahoma,2017,M07,2017 Jul,4
Oklahoma,2017,M08,2017 Aug,4
Oklahoma,2017,M09,2017 Sep,3.9
Oklahoma,2017,M10,2017 Oct,3.9
Oklahoma,2017,M11,2017 Nov,3.8
Oklahoma,2017,M12,2017 Dec,3.8
Oklahoma,2018,M01,2018 Jan,3.7
Oklahoma,2018,M02,2018 Feb,3.6
Oklahoma,2018,M03,2018 Mar,3.5
Oklahoma,2018,M04,2018 Apr,3.4
Oklahoma,2018,M05,2018 May,3.3
Oklahoma,2018,M06,2018 Jun,3.2
Oklahoma,2018,M07,2018 Jul,3.1
Oklahoma,2018,M08,2018 Aug,3
Oklahoma,2018,M09,2018 Sep,3
Oklahoma,2018,M10,2018 Oct,3.1
Oklahoma,2018,M11,2018 Nov,3.1
Oklahoma,2018,M12,2018 Dec,3.2
Oklahoma,2019,M01,2019 Jan,3.2
Oklahoma,2019,M02,2019 Feb,3.2
Oklahoma,2019,M03,2019 Mar,3.1
Oklahoma,2019,M04,2019 Apr,3.1
Oklahoma,2019,M05,2019 May,3
Oklahoma,2019,M06,2019 Jun,3
Oklahoma,2019,M07,2019 Jul,3.1
Oklahoma,2019,M08,2019 Aug,3.1
Oklahoma,2019,M09,2019 Sep,3.1
Oklahoma,2019,M10,2019 Oct,3.1
Oklahoma,2019,M11,2019 Nov,3.1
Oklahoma,2019,M12,2019 Dec,3
Oklahoma,2020,M01,2020 Jan,3.1
Oklahoma,2020,M02,2020 Feb,3.1
Oklahoma,2020,M03,2020 Mar,3.2
Oklahoma,2020,M04,2020 Apr,13
Oklahoma,2020,M05,2020 May,9.5
Oklahoma,2020,M06,2020 Jun,8.2
Oklahoma,2020,M07,2020 Jul,7.2
Oklahoma,2020,M08,2020 Aug,6.3
Oklahoma,2020,M09,2020 Sep,5.7
Oklahoma,2020,M10,2020 Oct,5.2
Oklahoma,2020,M11,2020 Nov,4.8
Oklahoma,2020,M12,2020 Dec,4.5
Oklahoma,2021,M01,2021 Jan,4.4
Oklahoma,2021,M02,2021 Feb,4.4
Oklahoma,2021,M03,2021 Mar,4.3
Oklahoma,2021,M04,2021 Apr,4.1
Oklahoma,2021,M05,2021 May,3.9
Oklahoma,2021,M06,2021 Jun,3.7
Oklahoma,2021,M07,2021 Jul,3.5
Oklahoma,2021,M08,2021 Aug,3.3
Oklahoma,2021,M09,2021 Sep,3
Oklahoma,2021,M10,2021 Oct,2.7
Oregon,2017,M01,2017 Jan,4.1
Oregon,2017,M02,2017 Feb,4
Oregon,2017,M03,2017 Mar,4
Oregon,2017,M04,2017 Apr,3.9
Oregon,2017,M05,2017 May,4
Oregon,2017,M06,2017 Jun,4
Oregon,2017,M07,2017 Jul,4.1
Oregon,2017,M08,2017 Aug,4.1
Oregon,2017,M09,2017 Sep,4.1
Oregon,2017,M10,2017 Oct,4.1
Oregon,2017,M11,2017 Nov,4.1
Oregon,2017,M12,2017 Dec,4.1
Oregon,2018,M01,2018 Jan,4.1
Oregon,2018,M02,2018 Feb,4
Oregon,2018,M03,2018 Mar,4
Oregon,2018,M04,2018 Apr,3.9
Oregon,2018,M05,2018 May,3.9
Oregon,2018,M06,2018 Jun,3.9
Oregon,2018,M07,2018 Jul,3.9
Oregon,2018,M08,2018 Aug,3.9
Oregon,2018,M09,2018 Sep,4
Oregon,2018,M10,2018 Oct,4.1
Oregon,2018,M11,2018 Nov,4.2
Oregon,2018,M12,2018 Dec,4.2
Oregon,2019,M01,2019 Jan,4.2
Oregon,2019,M02,2019 Feb,4.1
Oregon,2019,M03,2019 Mar,4
Oregon,2019,M04,2019 Apr,3.9
Oregon,2019,M05,2019 May,3.8
Oregon,2019,M06,2019 Jun,3.7
Oregon,2019,M07,2019 Jul,3.7
Oregon,2019,M08,2019 Aug,3.6
Oregon,2019,M09,2019 Sep,3.5
Oregon,2019,M10,2019 Oct,3.4
Oregon,2019,M11,2019 Nov,3.3
Oregon,2019,M12,2019 Dec,3.3
Oregon,2020,M01,2020 Jan,3.4
Oregon,2020,M02,2020 Feb,3.5
Oregon,2020,M03,2020 Mar,3.6
Oregon,2020,M04,2020 Apr,13.2
Oregon,2020,M05,2020 May,11.7
Oregon,2020,M06,2020 Jun,10.3
Oregon,2020,M07,2020 Jul,9.6
Oregon,2020,M08,2020 Aug,8.4
Oregon,2020,M09,2020 Sep,7.5
Oregon,2020,M10,2020 Oct,7
Oregon,2020,M11,2020 Nov,6.6
Oregon,2020,M12,2020 Dec,6.3
Oregon,2021,M01,2021 Jan,6.2
Oregon,2021,M02,2021 Feb,6.1
Oregon,2021,M03,2021 Mar,6
Oregon,2021,M04,2021 Apr,5.9
Oregon,2021,M05,2021 May,5.8
Oregon,2021,M06,2021 Jun,5.6
Oregon,2021,M07,2021 Jul,5.2
Oregon,2021,M08,2021 Aug,5
Oregon,2021,M09,2021 Sep,4.7
Oregon,2021,M10,2021 Oct,4.4
Pennsylvania,2017,M01,2017 Jan,5.2
Pennsylvania,2017,M02,2017 Feb,5.1
Pennsylvania,2017,M03,2017 Mar,5
Pennsylvania,2017,M04,2017 Apr,5
Pennsylvania,2017,M05,2017 May,5
Pennsylvania,2017,M06,2017 Jun,4.9
Pennsylvania,2017,M07,2017 Jul,4.9
Pennsylvania,2017,M08,2017 Aug,4.9
Pennsylvania,2017,M09,2017 Sep,4.9
Pennsylvania,2017,M10,2017 Oct,4.9
Pennsylvania,2017,M11,2017 Nov,4.9
Pennsylvania,2017,M12,2017 Dec,4.9
Pennsylvania,2018,M01,2018 Jan,4.8
Pennsylvania,2018,M02,2018 Feb,4.7
Pennsylvania,2018,M03,2018 Mar,4.6
Pennsylvania,2018,M04,2018 Apr,4.5
Pennsylvania,2018,M05,2018 May,4.4
Pennsylvania,2018,M06,2018 Jun,4.4
Pennsylvania,2018,M07,2018 Jul,4.4
Pennsylvania,2018,M08,2018 Aug,4.4
Pennsylvania,2018,M09,2018 Sep,4.4
Pennsylvania,2018,M10,2018 Oct,4.4
Pennsylvania,2018,M11,2018 Nov,4.4
Pennsylvania,2018,M12,2018 Dec,4.4
Pennsylvania,2019,M01,2019 Jan,4.3
Pennsylvania,2019,M02,2019 Feb,4.3
Pennsylvania,2019,M03,2019 Mar,4.3
Pennsylvania,2019,M04,2019 Apr,4.3
Pennsylvania,2019,M05,2019 May,4.3
Pennsylvania,2019,M06,2019 Jun,4.4
Pennsylvania,2019,M07,2019 Jul,4.4
Pennsylvania,2019,M08,2019 Aug,4.5
Pennsylvania,2019,M09,2019 Sep,4.6
Pennsylvania,2019,M10,2019 Oct,4.6
Pennsylvania,2019,M11,2019 Nov,4.7
Pennsylvania,2019,M12,2019 Dec,4.7
Pennsylvania,2020,M01,2020 Jan,4.8
Pennsylvania,2020,M02,2020 Feb,5
Pennsylvania,2020,M03,2020 Mar,5.1
Pennsylvania,2020,M04,2020 Apr,16.2
Pennsylvania,2020,M05,2020 May,13.5
Pennsylvania,2020,M06,2020 Jun,13.3
Pennsylvania,2020,M07,2020 Jul,13
Pennsylvania,2020,M08,2020 Aug,10.2
Pennsylvania,2020,M09,2020 Sep,7.1
Pennsylvania,2020,M10,2020 Oct,7
Pennsylvania,2020,M11,2020 Nov,7.1
Pennsylvania,2020,M12,2020 Dec,7.1
Pennsylvania,2021,M01,2021 Jan,7.3
Pennsylvania,2021,M02,2021 Feb,7.4
Pennsylvania,2021,M03,2021 Mar,7.3
Pennsylvania,2021,M04,2021 Apr,7.1
Pennsylvania,2021,M05,2021 May,7
Pennsylvania,2021,M06,2021 Jun,6.9
Pennsylvania,2021,M07,2021 Jul,6.5
Pennsylvania,2021,M08,2021 Aug,6.4
Pennsylvania,2021,M09,2021 Sep,6.2
Pennsylvania,2021,M10,2021 Oct,6
Rhode Island,2017,M01,2017 Jan,4.6
Rhode Island,2017,M02,2017 Feb,4.6
Rhode Island,2017,M03,2017 Mar,4.5
Rhode Island,2017,M04,2017 Apr,4.4
Rhode Island,2017,M05,2017 May,4.4
Rhode Island,2017,M06,2017 Jun,4.4
Rhode Island,2017,M07,2017 Jul,4.4
Rhode Island,2017,M08,2017 Aug,4.5
Rhode Island,2017,M09,2017 Sep,4.5
Rhode Island,2017,M10,2017 Oct,4.5
Rhode Island,2017,M11,2017 Nov,4.6
Rhode Island,2017,M12,2017 Dec,4.5
Rhode Island,2018,M01,2018 Jan,4.5
Rhode Island,2018,M02,2018 Feb,4.4
Rhode Island,2018,M03,2018 Mar,4.3
Rhode Island,2018,M04,2018 Apr,4.1
Rhode Island,2018,M05,2018 May,4
Rhode Island,2018,M06,2018 Jun,4
Rhode Island,2018,M07,2018 Jul,4
Rhode Island,2018,M08,2018 Aug,3.9
Rhode Island,2018,M09,2018 Sep,3.9
Rhode Island,2018,M10,2018 Oct,3.9
Rhode Island,2018,M11,2018 Nov,3.9
Rhode Island,2018,M12,2018 Dec,3.9
Rhode Island,2019,M01,2019 Jan,3.8
Rhode Island,2019,M02,2019 Feb,3.7
Rhode Island,2019,M03,2019 Mar,3.6
Rhode Island,2019,M04,2019 Apr,3.5
Rhode Island,2019,M05,2019 May,3.5
Rhode Island,2019,M06,2019 Jun,3.6
Rhode Island,2019,M07,2019 Jul,3.6
Rhode Island,2019,M08,2019 Aug,3.6
Rhode Island,2019,M09,2019 Sep,3.6
Rhode Island,2019,M10,2019 Oct,3.6
Rhode Island,2019,M11,2019 Nov,3.6
Rhode Island,2019,M12,2019 Dec,3.6
Rhode Island,2020,M01,2020 Jan,3.8
Rhode Island,2020,M02,2020 Feb,4
Rhode Island,2020,M03,2020 Mar,4
Rhode Island,2020,M04,2020 Apr,17.4
Rhode Island,2020,M05,2020 May,12.9
Rhode Island,2020,M06,2020 Jun,10.9
Rhode Island,2020,M07,2020 Jul,14
Rhode Island,2020,M08,2020 Aug,12.6
Rhode Island,2020,M09,2020 Sep,10.9
Rhode Island,2020,M10,2020 Oct,7.3
Rhode Island,2020,M11,2020 Nov,7.9
Rhode Island,2020,M12,2020 Dec,7.9
Rhode Island,2021,M01,2021 Jan,7.2
Rhode Island,2021,M02,2021 Feb,7.3
Rhode Island,2021,M03,2021 Mar,7
Rhode Island,2021,M04,2021 Apr,6.3
Rhode Island,2021,M05,2021 May,6
Rhode Island,2021,M06,2021 Jun,5.9
Rhode Island,2021,M07,2021 Jul,5.7
Rhode Island,2021,M08,2021 Aug,5.8
Rhode Island,2021,M09,2021 Sep,5.2
Rhode Island,2021,M10,2021 Oct,5.4
South Carolina,2017,M01,2017 Jan,4.4
South Carolina,2017,M02,2017 Feb,4.3
South Carolina,2017,M03,2017 Mar,4.2
South Carolina,2017,M04,2017 Apr,4.2
South Carolina,2017,M05,2017 May,4.1
South Carolina,2017,M06,2017 Jun,4.1
South Carolina,2017,M07,2017 Jul,4.2
South Carolina,2017,M08,2017 Aug,4.2
South Carolina,2017,M09,2017 Sep,4.2
South Carolina,2017,M10,2017 Oct,4.2
South Carolina,2017,M11,2017 Nov,4.2
South Carolina,2017,M12,2017 Dec,4.1
South Carolina,2018,M01,2018 Jan,3.9
South Carolina,2018,M02,2018 Feb,3.7
South Carolina,2018,M03,2018 Mar,3.5
South Carolina,2018,M04,2018 Apr,3.3
South Carolina,2018,M05,2018 May,3.3
South Carolina,2018,M06,2018 Jun,3.3
South Carolina,2018,M07,2018 Jul,3.3
South Carolina,2018,M08,2018 Aug,3.3
South Carolina,2018,M09,2018 Sep,3.3
South Carolina,2018,M10,2018 Oct,3.3
South Carolina,2018,M11,2018 Nov,3.3
South Carolina,2018,M12,2018 Dec,3.2
South Carolina,2019,M01,2019 Jan,3.2
South Carolina,2019,M02,2019 Feb,3.2
South Carolina,2019,M03,2019 Mar,3.2
South Carolina,2019,M04,2019 Apr,3.1
South Carolina,2019,M05,2019 May,2.9
South Carolina,2019,M06,2019 Jun,2.7
South Carolina,2019,M07,2019 Jul,2.6
South Carolina,2019,M08,2019 Aug,2.4
South Carolina,2019,M09,2019 Sep,2.4
South Carolina,2019,M10,2019 Oct,2.4
South Carolina,2019,M11,2019 Nov,2.4
South Carolina,2019,M12,2019 Dec,2.5
South Carolina,2020,M01,2020 Jan,2.6
South Carolina,2020,M02,2020 Feb,2.8
South Carolina,2020,M03,2020 Mar,3
South Carolina,2020,M04,2020 Apr,11.5
South Carolina,2020,M05,2020 May,11.5
South Carolina,2020,M06,2020 Jun,7.7
South Carolina,2020,M07,2020 Jul,7.6
South Carolina,2020,M08,2020 Aug,5.4
South Carolina,2020,M09,2020 Sep,5.4
South Carolina,2020,M10,2020 Oct,5.4
South Carolina,2020,M11,2020 Nov,5.6
South Carolina,2020,M12,2020 Dec,5.6
South Carolina,2021,M01,2021 Jan,5.3
South Carolina,2021,M02,2021 Feb,5.2
South Carolina,2021,M03,2021 Mar,5.1
South Carolina,2021,M04,2021 Apr,5
South Carolina,2021,M05,2021 May,4.6
South Carolina,2021,M06,2021 Jun,4.5
South Carolina,2021,M07,2021 Jul,4.3
South Carolina,2021,M08,2021 Aug,4.2
South Carolina,2021,M09,2021 Sep,4.1
South Carolina,2021,M10,2021 Oct,3.9
South Dakota,2017,M01,2017 Jan,3.2
South Dakota,2017,M02,2017 Feb,3.1
South Dakota,2017,M03,2017 Mar,3.1
South Dakota,2017,M04,2017 Apr,3.1
South Dakota,2017,M05,2017 May,3.1
South Dakota,2017,M06,2017 Jun,3.1
South Dakota,2017,M07,2017 Jul,3.1
South Dakota,2017,M08,2017 Aug,3.1
South Dakota,2017,M09,2017 Sep,3.1
South Dakota,2017,M10,2017 Oct,3.1
South Dakota,2017,M11,2017 Nov,3.1
South Dakota,2017,M12,2017 Dec,3.1
South Dakota,2018,M01,2018 Jan,3
South Dakota,2018,M02,2018 Feb,3
South Dakota,2018,M03,2018 Mar,3
South Dakota,2018,M04,2018 Apr,2.9
South Dakota,2018,M05,2018 May,2.9
South Dakota,2018,M06,2018 Jun,2.8
South Dakota,2018,M07,2018 Jul,2.8
South Dakota,2018,M08,2018 Aug,2.8
South Dakota,2018,M09,2018 Sep,2.8
South Dakota,2018,M10,2018 Oct,2.8
South Dakota,2018,M11,2018 Nov,2.9
South Dakota,2018,M12,2018 Dec,2.9
South Dakota,2019,M01,2019 Jan,3
South Dakota,2019,M02,2019 Feb,3
South Dakota,2019,M03,2019 Mar,3
South Dakota,2019,M04,2019 Apr,3
South Dakota,2019,M05,2019 May,3
South Dakota,2019,M06,2019 Jun,3
South Dakota,2019,M07,2019 Jul,3
South Dakota,2019,M08,2019 Aug,3
South Dakota,2019,M09,2019 Sep,3
South Dakota,2019,M10,2019 Oct,3
South Dakota,2019,M11,2019 Nov,2.9
South Dakota,2019,M12,2019 Dec,2.9
South Dakota,2020,M01,2020 Jan,2.9
South Dakota,2020,M02,2020 Feb,2.9
South Dakota,2020,M03,2020 Mar,2.9
South Dakota,2020,M04,2020 Apr,9.2
South Dakota,2020,M05,2020 May,7
South Dakota,2020,M06,2020 Jun,6.1
South Dakota,2020,M07,2020 Jul,5.4
South Dakota,2020,M08,2020 Aug,4.7
South Dakota,2020,M09,2020 Sep,4
South Dakota,2020,M10,2020 Oct,3.7
South Dakota,2020,M11,2020 Nov,3.6
South Dakota,2020,M12,2020 Dec,3.3
South Dakota,2021,M01,2021 Jan,3.1
South Dakota,2021,M02,2021 Feb,3
South Dakota,2021,M03,2021 Mar,2.9
South Dakota,2021,M04,2021 Apr,2.8
South Dakota,2021,M05,2021 May,2.8
South Dakota,2021,M06,2021 Jun,2.9
South Dakota,2021,M07,2021 Jul,2.9
South Dakota,2021,M08,2021 Aug,2.9
South Dakota,2021,M09,2021 Sep,2.9
South Dakota,2021,M10,2021 Oct,2.8
Tennessee,2017,M01,2017 Jan,4.6
Tennessee,2017,M02,2017 Feb,4.4
Tennessee,2017,M03,2017 Mar,4.1
Tennessee,2017,M04,2017 Apr,3.9
Tennessee,2017,M05,2017 May,3.7
Tennessee,2017,M06,2017 Jun,3.5
Tennessee,2017,M07,2017 Jul,3.5
Tennessee,2017,M08,2017 Aug,3.4
Tennessee,2017,M09,2017 Sep,3.4
Tennessee,2017,M10,2017 Oct,3.4
Tennessee,2017,M11,2017 Nov,3.5
Tennessee,2017,M12,2017 Dec,3.5
Tennessee,2018,M01,2018 Jan,3.5
Tennessee,2018,M02,2018 Feb,3.5
Tennessee,2018,M03,2018 Mar,3.5
Tennessee,2018,M04,2018 Apr,3.4
Tennessee,2018,M05,2018 May,3.5
Tennessee,2018,M06,2018 Jun,3.5
Tennessee,2018,M07,2018 Jul,3.5
Tennessee,2018,M08,2018 Aug,3.5
Tennessee,2018,M09,2018 Sep,3.5
Tennessee,2018,M10,2018 Oct,3.5
Tennessee,2018,M11,2018 Nov,3.5
Tennessee,2018,M12,2018 Dec,3.4
Tennessee,2019,M01,2019 Jan,3.4
Tennessee,2019,M02,2019 Feb,3.4
Tennessee,2019,M03,2019 Mar,3.3
Tennessee,2019,M04,2019 Apr,3.3
Tennessee,2019,M05,2019 May,3.3
Tennessee,2019,M06,2019 Jun,3.3
Tennessee,2019,M07,2019 Jul,3.3
Tennessee,2019,M08,2019 Aug,3.3
Tennessee,2019,M09,2019 Sep,3.4
Tennessee,2019,M10,2019 Oct,3.4
Tennessee,2019,M11,2019 Nov,3.5
Tennessee,2019,M12,2019 Dec,3.6
Tennessee,2020,M01,2020 Jan,3.7
Tennessee,2020,M02,2020 Feb,3.9
Tennessee,2020,M03,2020 Mar,4
Tennessee,2020,M04,2020 Apr,15.8
Tennessee,2020,M05,2020 May,9.6
Tennessee,2020,M06,2020 Jun,9.3
Tennessee,2020,M07,2020 Jul,8.9
Tennessee,2020,M08,2020 Aug,8.1
Tennessee,2020,M09,2020 Sep,7.9
Tennessee,2020,M10,2020 Oct,7.8
Tennessee,2020,M11,2020 Nov,5.6
Tennessee,2020,M12,2020 Dec,5.6
Tennessee,2021,M01,2021 Jan,5.1
Tennessee,2021,M02,2021 Feb,4.9
Tennessee,2021,M03,2021 Mar,5.1
Tennessee,2021,M04,2021 Apr,5
Tennessee,2021,M05,2021 May,5
Tennessee,2021,M06,2021 Jun,4.9
Tennessee,2021,M07,2021 Jul,4.7
Tennessee,2021,M08,2021 Aug,4.6
Tennessee,2021,M09,2021 Sep,4.4
Tennessee,2021,M10,2021 Oct,4.2
Texas,2017,M01,2017 Jan,4.8
Texas,2017,M02,2017 Feb,4.7
Texas,2017,M03,2017 Mar,4.6
Texas,2017,M04,2017 Apr,4.5
Texas,2017,M05,2017 May,4.4
Texas,2017,M06,2017 Jun,4.3
Texas,2017,M07,2017 Jul,4.2
Texas,2017,M08,2017 Aug,4.2
Texas,2017,M09,2017 Sep,4.1
Texas,2017,M10,2017 Oct,4.1
Texas,2017,M11,2017 Nov,4.1
Texas,2017,M12,2017 Dec,4.1
Texas,2018,M01,2018 Jan,4.1
Texas,2018,M02,2018 Feb,4
Texas,2018,M03,2018 Mar,4
Texas,2018,M04,2018 Apr,4
Texas,2018,M05,2018 May,3.9
Texas,2018,M06,2018 Jun,3.9
Texas,2018,M07,2018 Jul,3.8
Texas,2018,M08,2018 Aug,3.8
Texas,2018,M09,2018 Sep,3.8
Texas,2018,M10,2018 Oct,3.8
Texas,2018,M11,2018 Nov,3.8
Texas,2018,M12,2018 Dec,3.8
Texas,2019,M01,2019 Jan,3.7
Texas,2019,M02,2019 Feb,3.6
Texas,2019,M03,2019 Mar,3.5
Texas,2019,M04,2019 Apr,3.5
Texas,2019,M05,2019 May,3.4
Texas,2019,M06,2019 Jun,3.4
Texas,2019,M07,2019 Jul,3.5
Texas,2019,M08,2019 Aug,3.5
Texas,2019,M09,2019 Sep,3.5
Texas,2019,M10,2019 Oct,3.5
Texas,2019,M11,2019 Nov,3.5
Texas,2019,M12,2019 Dec,3.5
Texas,2020,M01,2020 Jan,3.6
Texas,2020,M02,2020 Feb,3.7
Texas,2020,M03,2020 Mar,4.9
Texas,2020,M04,2020 Apr,12.9
Texas,2020,M05,2020 May,11.6
Texas,2020,M06,2020 Jun,10.2
Texas,2020,M07,2020 Jul,9.3
Texas,2020,M08,2020 Aug,6.9
Texas,2020,M09,2020 Sep,7.9
Texas,2020,M10,2020 Oct,7.3
Texas,2020,M11,2020 Nov,7.2
Texas,2020,M12,2020 Dec,6.9
Texas,2021,M01,2021 Jan,6.8
Texas,2021,M02,2021 Feb,6.9
Texas,2021,M03,2021 Mar,6.9
Texas,2021,M04,2021 Apr,6.7
Texas,2021,M05,2021 May,6.6
Texas,2021,M06,2021 Jun,6.5
Texas,2021,M07,2021 Jul,6.2
Texas,2021,M08,2021 Aug,5.9
Texas,2021,M09,2021 Sep,5.6
Texas,2021,M10,2021 Oct,5.4
Utah,2017,M01,2017 Jan,3.2
Utah,2017,M02,2017 Feb,3.2
Utah,2017,M03,2017 Mar,3.2
Utah,2017,M04,2017 Apr,3.2
Utah,2017,M05,2017 May,3.2
Utah,2017,M06,2017 Jun,3.2
Utah,2017,M07,2017 Jul,3.2
Utah,2017,M08,2017 Aug,3.1
Utah,2017,M09,2017 Sep,3.1
Utah,2017,M10,2017 Oct,3.1
Utah,2017,M11,2017 Nov,3.1
Utah,2017,M12,2017 Dec,3.1
Utah,2018,M01,2018 Jan,3
Utah,2018,M02,2018 Feb,3
Utah,2018,M03,2018 Mar,3
Utah,2018,M04,2018 Apr,2.9
Utah,2018,M05,2018 May,2.9
Utah,2018,M06,2018 Jun,2.9
Utah,2018,M07,2018 Jul,2.9
Utah,2018,M08,2018 Aug,2.9
Utah,2018,M09,2018 Sep,2.9
Utah,2018,M10,2018 Oct,2.9
Utah,2018,M11,2018 Nov,2.9
Utah,2018,M12,2018 Dec,2.8
Utah,2019,M01,2019 Jan,2.8
Utah,2019,M02,2019 Feb,2.7
Utah,2019,M03,2019 Mar,2.7
Utah,2019,M04,2019 Apr,2.6
Utah,2019,M05,2019 May,2.6
Utah,2019,M06,2019 Jun,2.5
Utah,2019,M07,2019 Jul,2.5
Utah,2019,M08,2019 Aug,2.5
Utah,2019,M09,2019 Sep,2.4
Utah,2019,M10,2019 Oct,2.4
Utah,2019,M11,2019 Nov,2.4
Utah,2019,M12,2019 Dec,2.4
Utah,2020,M01,2020 Jan,2.4
Utah,2020,M02,2020 Feb,2.5
Utah,2020,M03,2020 Mar,2.5
Utah,2020,M04,2020 Apr,10.1
Utah,2020,M05,2020 May,7.6
Utah,2020,M06,2020 Jun,6.3
Utah,2020,M07,2020 Jul,5.4
Utah,2020,M08,2020 Aug,4.8
Utah,2020,M09,2020 Sep,4.2
Utah,2020,M10,2020 Oct,3.8
Utah,2020,M11,2020 Nov,3.5
Utah,2020,M12,2020 Dec,3.3
Utah,2021,M01,2021 Jan,3.1
Utah,2021,M02,2021 Feb,3
Utah,2021,M03,2021 Mar,2.9
Utah,2021,M04,2021 Apr,2.8
Utah,2021,M05,2021 May,2.7
Utah,2021,M06,2021 Jun,2.7
Utah,2021,M07,2021 Jul,2.6
Utah,2021,M08,2021 Aug,2.5
Utah,2021,M09,2021 Sep,2.4
Utah,2021,M10,2021 Oct,2.2
Vermont,2017,M01,2017 Jan,3.2
Vermont,2017,M02,2017 Feb,3.2
Vermont,2017,M03,2017 Mar,3.1
Vermont,2017,M04,2017 Apr,3.1
Vermont,2017,M05,2017 May,3
Vermont,2017,M06,2017 Jun,3
Vermont,2017,M07,2017 Jul,2.9
Vermont,2017,M08,2017 Aug,2.9
Vermont,2017,M09,2017 Sep,2.9
Vermont,2017,M10,2017 Oct,2.9
Vermont,2017,M11,2017 Nov,3
Vermont,2017,M12,2017 Dec,3
Vermont,2018,M01,2018 Jan,3
Vermont,2018,M02,2018 Feb,3
Vermont,2018,M03,2018 Mar,2.9
Vermont,2018,M04,2018 Apr,2.9
Vermont,2018,M05,2018 May,2.8
Vermont,2018,M06,2018 Jun,2.7
Vermont,2018,M07,2018 Jul,2.6
Vermont,2018,M08,2018 Aug,2.5
Vermont,2018,M09,2018 Sep,2.4
Vermont,2018,M10,2018 Oct,2.3
Vermont,2018,M11,2018 Nov,2.3
Vermont,2018,M12,2018 Dec,2.3
Vermont,2019,M01,2019 Jan,2.2
Vermont,2019,M02,2019 Feb,2.2
Vermont,2019,M03,2019 Mar,2.2
Vermont,2019,M04,2019 Apr,2.2
Vermont,2019,M05,2019 May,2.2
Vermont,2019,M06,2019 Jun,2.2
Vermont,2019,M07,2019 Jul,2.3
Vermont,2019,M08,2019 Aug,2.3
Vermont,2019,M09,2019 Sep,2.4
Vermont,2019,M10,2019 Oct,2.5
Vermont,2019,M11,2019 Nov,2.5
Vermont,2019,M12,2019 Dec,2.5
Vermont,2020,M01,2020 Jan,2.5
Vermont,2020,M02,2020 Feb,2.5
Vermont,2020,M03,2020 Mar,2.6
Vermont,2020,M04,2020 Apr,14.8
Vermont,2020,M05,2020 May,9.3
Vermont,2020,M06,2020 Jun,7.7
Vermont,2020,M07,2020 Jul,6.4
Vermont,2020,M08,2020 Aug,5.4
Vermont,2020,M09,2020 Sep,4.6
Vermont,2020,M10,2020 Oct,4
Vermont,2020,M11,2020 Nov,3.7
Vermont,2020,M12,2020 Dec,3.5
Vermont,2021,M01,2021 Jan,3.2
Vermont,2021,M02,2021 Feb,3
Vermont,2021,M03,2021 Mar,2.9
Vermont,2021,M04,2021 Apr,2.9
Vermont,2021,M05,2021 May,3
Vermont,2021,M06,2021 Jun,3.1
Vermont,2021,M07,2021 Jul,3
Vermont,2021,M08,2021 Aug,3
Vermont,2021,M09,2021 Sep,2.8
Vermont,2021,M10,2021 Oct,2.8
Virginia,2017,M01,2017 Jan,4
Virginia,2017,M02,2017 Feb,3.9
Virginia,2017,M03,2017 Mar,3.9
Virginia,2017,M04,2017 Apr,3.8
Virginia,2017,M05,2017 May,3.8
Virginia,2017,M06,2017 Jun,3.7
Virginia,2017,M07,2017 Jul,3.6
Virginia,2017,M08,2017 Aug,3.6
Virginia,2017,M09,2017 Sep,3.5
Virginia,2017,M10,2017 Oct,3.5
Virginia,2017,M11,2017 Nov,3.4
Virginia,2017,M12,2017 Dec,3.3
Virginia,2018,M01,2018 Jan,3.2
Virginia,2018,M02,2018 Feb,3.1
Virginia,2018,M03,2018 Mar,3.1
Virginia,2018,M04,2018 Apr,3
Virginia,2018,M05,2018 May,3
Virginia,2018,M06,2018 Jun,2.9
Virginia,2018,M07,2018 Jul,2.9
Virginia,2018,M08,2018 Aug,2.8
Virginia,2018,M09,2018 Sep,2.8
Virginia,2018,M10,2018 Oct,2.8
Virginia,2018,M11,2018 Nov,2.9
Virginia,2018,M12,2018 Dec,2.9
Virginia,2019,M01,2019 Jan,2.9
Virginia,2019,M02,2019 Feb,2.9
Virginia,2019,M03,2019 Mar,2.8
Virginia,2019,M04,2019 Apr,2.8
Virginia,2019,M05,2019 May,2.7
Virginia,2019,M06,2019 Jun,2.6
Virginia,2019,M07,2019 Jul,2.6
Virginia,2019,M08,2019 Aug,2.6
Virginia,2019,M09,2019 Sep,2.6
Virginia,2019,M10,2019 Oct,2.5
Virginia,2019,M11,2019 Nov,2.5
Virginia,2019,M12,2019 Dec,2.5
Virginia,2020,M01,2020 Jan,2.5
Virginia,2020,M02,2020 Feb,2.5
Virginia,2020,M03,2020 Mar,2.6
Virginia,2020,M04,2020 Apr,11.3
Virginia,2020,M05,2020 May,8.5
Virginia,2020,M06,2020 Jun,8.8
Virginia,2020,M07,2020 Jul,7.9
Virginia,2020,M08,2020 Aug,7
Virginia,2020,M09,2020 Sep,6.6
Virginia,2020,M10,2020 Oct,6.1
Virginia,2020,M11,2020 Nov,5.8
Virginia,2020,M12,2020 Dec,5.6
Virginia,2021,M01,2021 Jan,5.3
Virginia,2021,M02,2021 Feb,5.2
Virginia,2021,M03,2021 Mar,5.1
Virginia,2021,M04,2021 Apr,4.7
Virginia,2021,M05,2021 May,4.5
Virginia,2021,M06,2021 Jun,4.3
Virginia,2021,M07,2021 Jul,4.2
Virginia,2021,M08,2021 Aug,4
Virginia,2021,M09,2021 Sep,3.8
Virginia,2021,M10,2021 Oct,3.6
Washington,2017,M01,2017 Jan,4.8
Washington,2017,M02,2017 Feb,4.7
Washington,2017,M03,2017 Mar,4.6
Washington,2017,M04,2017 Apr,4.5
Washington,2017,M05,2017 May,4.5
Washington,2017,M06,2017 Jun,4.6
Washington,2017,M07,2017 Jul,4.6
Washington,2017,M08,2017 Aug,4.6
Washington,2017,M09,2017 Sep,4.7
Washington,2017,M10,2017 Oct,4.7
Washington,2017,M11,2017 Nov,4.6
Washington,2017,M12,2017 Dec,4.6
Washington,2018,M01,2018 Jan,4.5
Washington,2018,M02,2018 Feb,4.4
Washington,2018,M03,2018 Mar,4.4
Washington,2018,M04,2018 Apr,4.3
Washington,2018,M05,2018 May,4.3
Washington,2018,M06,2018 Jun,4.3
Washington,2018,M07,2018 Jul,4.3
Washington,2018,M08,2018 Aug,4.3
Washington,2018,M09,2018 Sep,4.4
Washington,2018,M10,2018 Oct,4.4
Washington,2018,M11,2018 Nov,4.5
Washington,2018,M12,2018 Dec,4.5
Washington,2019,M01,2019 Jan,4.5
Washington,2019,M02,2019 Feb,4.5
Washington,2019,M03,2019 Mar,4.4
Washington,2019,M04,2019 Apr,4.3
Washington,2019,M05,2019 May,4.2
Washington,2019,M06,2019 Jun,4.1
Washington,2019,M07,2019 Jul,4.1
Washington,2019,M08,2019 Aug,4.1
Washington,2019,M09,2019 Sep,4
Washington,2019,M10,2019 Oct,3.9
Washington,2019,M11,2019 Nov,3.9
Washington,2019,M12,2019 Dec,3.9
Washington,2020,M01,2020 Jan,4
Washington,2020,M02,2020 Feb,4.1
Washington,2020,M03,2020 Mar,5.3
Washington,2020,M04,2020 Apr,16.3
Washington,2020,M05,2020 May,12.5
Washington,2020,M06,2020 Jun,10.8
Washington,2020,M07,2020 Jul,10.8
Washington,2020,M08,2020 Aug,9.1
Washington,2020,M09,2020 Sep,8
Washington,2020,M10,2020 Oct,7
Washington,2020,M11,2020 Nov,6.7
Washington,2020,M12,2020 Dec,6.3
Washington,2021,M01,2021 Jan,6
Washington,2021,M02,2021 Feb,5.6
Washington,2021,M03,2021 Mar,5.5
Washington,2021,M04,2021 Apr,5.4
Washington,2021,M05,2021 May,5.2
Washington,2021,M06,2021 Jun,5.2
Washington,2021,M07,2021 Jul,5.1
Washington,2021,M08,2021 Aug,5.1
Washington,2021,M09,2021 Sep,5.1
Washington,2021,M10,2021 Oct,5
West Virginia,2017,M01,2017 Jan,5.4
West Virginia,2017,M02,2017 Feb,5.3
West Virginia,2017,M03,2017 Mar,5.1
West Virginia,2017,M04,2017 Apr,5.1
West Virginia,2017,M05,2017 May,5
West Virginia,2017,M06,2017 Jun,5.1
West Virginia,2017,M07,2017 Jul,5.1
West Virginia,2017,M08,2017 Aug,5.2
West Virginia,2017,M09,2017 Sep,5.3
West Virginia,2017,M10,2017 Oct,5.3
West Virginia,2017,M11,2017 Nov,5.4
West Virginia,2017,M12,2017 Dec,5.4
West Virginia,2018,M01,2018 Jan,5.4
West Virginia,2018,M02,2018 Feb,5.4
West Virginia,2018,M03,2018 Mar,5.4
West Virginia,2018,M04,2018 Apr,5.4
West Virginia,2018,M05,2018 May,5.3
West Virginia,2018,M06,2018 Jun,5.2
West Virginia,2018,M07,2018 Jul,5.1
West Virginia,2018,M08,2018 Aug,5
West Virginia,2018,M09,2018 Sep,5
West Virginia,2018,M10,2018 Oct,5
West Virginia,2018,M11,2018 Nov,5.1
West Virginia,2018,M12,2018 Dec,5.1
West Virginia,2019,M01,2019 Jan,5
West Virginia,2019,M02,2019 Feb,5
West Virginia,2019,M03,2019 Mar,4.9
West Virginia,2019,M04,2019 Apr,4.8
West Virginia,2019,M05,2019 May,4.8
West Virginia,2019,M06,2019 Jun,4.8
West Virginia,2019,M07,2019 Jul,4.9
West Virginia,2019,M08,2019 Aug,4.9
West Virginia,2019,M09,2019 Sep,5
West Virginia,2019,M10,2019 Oct,4.9
West Virginia,2019,M11,2019 Nov,4.9
West Virginia,2019,M12,2019 Dec,4.9
West Virginia,2020,M01,2020 Jan,5
West Virginia,2020,M02,2020 Feb,5.1
West Virginia,2020,M03,2020 Mar,5.3
West Virginia,2020,M04,2020 Apr,15.6
West Virginia,2020,M05,2020 May,11.9
West Virginia,2020,M06,2020 Jun,10.5
West Virginia,2020,M07,2020 Jul,9.4
West Virginia,2020,M08,2020 Aug,8.5
West Virginia,2020,M09,2020 Sep,7.9
West Virginia,2020,M10,2020 Oct,7.4
West Virginia,2020,M11,2020 Nov,7
West Virginia,2020,M12,2020 Dec,6.7
West Virginia,2021,M01,2021 Jan,6.5
West Virginia,2021,M02,2021 Feb,6.2
West Virginia,2021,M03,2021 Mar,5.9
West Virginia,2021,M04,2021 Apr,5.8
West Virginia,2021,M05,2021 May,5.5
West Virginia,2021,M06,2021 Jun,5.3
West Virginia,2021,M07,2021 Jul,5
West Virginia,2021,M08,2021 Aug,4.8
West Virginia,2021,M09,2021 Sep,4.6
West Virginia,2021,M10,2021 Oct,4.3
Wisconsin,2017,M01,2017 Jan,3.5
Wisconsin,2017,M02,2017 Feb,3.4
Wisconsin,2017,M03,2017 Mar,3.3
Wisconsin,2017,M04,2017 Apr,3.3
Wisconsin,2017,M05,2017 May,3.3
Wisconsin,2017,M06,2017 Jun,3.3
Wisconsin,2017,M07,2017 Jul,3.3
Wisconsin,2017,M08,2017 Aug,3.3
Wisconsin,2017,M09,2017 Sep,3.2
Wisconsin,2017,M10,2017 Oct,3.2
Wisconsin,2017,M11,2017 Nov,3.1
Wisconsin,2017,M12,2017 Dec,3
Wisconsin,2018,M01,2018 Jan,3
Wisconsin,2018,M02,2018 Feb,3
Wisconsin,2018,M03,2018 Mar,3
Wisconsin,2018,M04,2018 Apr,3
Wisconsin,2018,M05,2018 May,3
Wisconsin,2018,M06,2018 Jun,3
Wisconsin,2018,M07,2018 Jul,3
Wisconsin,2018,M08,2018 Aug,3
Wisconsin,2018,M09,2018 Sep,3
Wisconsin,2018,M10,2018 Oct,3
Wisconsin,2018,M11,2018 Nov,3
Wisconsin,2018,M12,2018 Dec,3.1
Wisconsin,2019,M01,2019 Jan,3.1
Wisconsin,2019,M02,2019 Feb,3.1
Wisconsin,2019,M03,2019 Mar,3.2
Wisconsin,2019,M04,2019 Apr,3.2
Wisconsin,2019,M05,2019 May,3.3
Wisconsin,2019,M06,2019 Jun,3.3
Wisconsin,2019,M07,2019 Jul,3.4
Wisconsin,2019,M08,2019 Aug,3.4
Wisconsin,2019,M09,2019 Sep,3.4
Wisconsin,2019,M10,2019 Oct,3.3
Wisconsin,2019,M11,2019 Nov,3.3
Wisconsin,2019,M12,2019 Dec,3.3
Wisconsin,2020,M01,2020 Jan,3.3
Wisconsin,2020,M02,2020 Feb,3.3
Wisconsin,2020,M03,2020 Mar,3.2
Wisconsin,2020,M04,2020 Apr,14.8
Wisconsin,2020,M05,2020 May,10.4
Wisconsin,2020,M06,2020 Jun,8.6
Wisconsin,2020,M07,2020 Jul,7.2
Wisconsin,2020,M08,2020 Aug,6.1
Wisconsin,2020,M09,2020 Sep,5.2
Wisconsin,2020,M10,2020 Oct,4.8
Wisconsin,2020,M11,2020 Nov,4.4
Wisconsin,2020,M12,2020 Dec,4
Wisconsin,2021,M01,2021 Jan,3.8
Wisconsin,2021,M02,2021 Feb,3.8
Wisconsin,2021,M03,2021 Mar,3.8
Wisconsin,2021,M04,2021 Apr,3.9
Wisconsin,2021,M05,2021 May,3.9
Wisconsin,2021,M06,2021 Jun,3.9
Wisconsin,2021,M07,2021 Jul,3.9
Wisconsin,2021,M08,2021 Aug,3.9
Wisconsin,2021,M09,2021 Sep,3.4
Wisconsin,2021,M10,2021 Oct,3.2
Wyoming,2017,M01,2017 Jan,4.8
Wyoming,2017,M02,2017 Feb,4.6
Wyoming,2017,M03,2017 Mar,4.4
Wyoming,2017,M04,2017 Apr,4.2
Wyoming,2017,M05,2017 May,4.1
Wyoming,2017,M06,2017 Jun,4.1
Wyoming,2017,M07,2017 Jul,4.2
Wyoming,2017,M08,2017 Aug,4.2
Wyoming,2017,M09,2017 Sep,4.3
Wyoming,2017,M10,2017 Oct,4.3
Wyoming,2017,M11,2017 Nov,4.3
Wyoming,2017,M12,2017 Dec,4.2
Wyoming,2018,M01,2018 Jan,4.2
Wyoming,2018,M02,2018 Feb,4.1
Wyoming,2018,M03,2018 Mar,4.1
Wyoming,2018,M04,2018 Apr,4
Wyoming,2018,M05,2018 May,4
Wyoming,2018,M06,2018 Jun,4
Wyoming,2018,M07,2018 Jul,4
Wyoming,2018,M08,2018 Aug,4
Wyoming,2018,M09,2018 Sep,4
Wyoming,2018,M10,2018 Oct,4
Wyoming,2018,M11,2018 Nov,4
Wyoming,2018,M12,2018 Dec,3.9
Wyoming,2019,M01,2019 Jan,3.7
Wyoming,2019,M02,2019 Feb,3.6
Wyoming,2019,M03,2019 Mar,3.5
Wyoming,2019,M04,2019 Apr,3.5
Wyoming,2019,M05,2019 May,3.5
Wyoming,2019,M06,2019 Jun,3.6
Wyoming,2019,M07,2019 Jul,3.7
Wyoming,2019,M08,2019 Aug,3.8
Wyoming,2019,M09,2019 Sep,3.8
Wyoming,2019,M10,2019 Oct,3.9
Wyoming,2019,M11,2019 Nov,4
Wyoming,2019,M12,2019 Dec,4.2
Wyoming,2020,M01,2020 Jan,4.4
Wyoming,2020,M02,2020 Feb,4.8
Wyoming,2020,M03,2020 Mar,5.1
Wyoming,2020,M04,2020 Apr,5.5
Wyoming,2020,M05,2020 May,8.5
Wyoming,2020,M06,2020 Jun,7.4
Wyoming,2020,M07,2020 Jul,6.8
Wyoming,2020,M08,2020 Aug,6.2
Wyoming,2020,M09,2020 Sep,5.7
Wyoming,2020,M10,2020 Oct,5.4
Wyoming,2020,M11,2020 Nov,5.3
Wyoming,2020,M12,2020 Dec,5.2
Wyoming,2021,M01,2021 Jan,5.1
Wyoming,2021,M02,2021 Feb,5.3
Wyoming,2021,M03,2021 Mar,5.3
Wyoming,2021,M04,2021 Apr,5.4
Wyoming,2021,M05,2021 May,5.4
Wyoming,2021,M06,2021 Jun,5.4
Wyoming,2021,M07,2021 Jul,5.2
Wyoming,2021,M08,2021 Aug,4.9
Wyoming,2021,M09,2021 Sep,4.5
Wyoming,2021,M10,2021 Oct,4.1
