"","state","value","year","month","number_mass_shooting","time"
"1","Alabama",4,"2018","Jan",4,"2018 Jan"
"2","Alabama",4,"2018","Mar",1,"2018 Mar"
"3","Alabama",4,"2018","Apr",1,"2018 Apr"
"4","Alabama",4,"2018","Jun",2,"2018 Jun"
"5","Alabama",4,"2018","Jul",2,"2018 Jul"
"6","Alabama",3.9,"2018","Sep",2,"2018 Sep"
"7","Alabama",3.8,"2018","Oct",1,"2018 Oct"
"8","Alabama",3.8,"2018","Nov",1,"2018 Nov"
"9","Alabama",3.6,"2019","Jan",1,"2019 Jan"
"10","Alabama",3.5,"2019","Feb",1,"2019 Feb"
"11","Alabama",3.3,"2019","Mar",1,"2019 Mar"
"12","Alabama",3.2,"2019","Apr",1,"2019 Apr"
"13","Alabama",3.1,"2019","May",1,"2019 May"
"14","Alabama",2.8,"2019","Aug",2,"2019 Aug"
"15","Alabama",2.8,"2019","Sep",2,"2019 Sep"
"16","Alabama",2.7,"2019","Nov",1,"2019 Nov"
"17","Alabama",2.7,"2019","Dec",2,"2019 Dec"
"18","Alabama",7.9,"2020","May",2,"2020 May"
"19","Alabama",7.7,"2020","Jun",3,"2020 Jun"
"20","Alabama",7.4,"2020","Jul",1,"2020 Jul"
"21","Alabama",7.1,"2020","Aug",4,"2020 Aug"
"22","Alabama",6.7,"2020","Sep",1,"2020 Sep"
"23","Alabama",3.8,"2021","Mar",1,"2021 Mar"
"24","Alabama",3.6,"2021","Apr",5,"2021 Apr"
"25","Alabama",3.4,"2021","May",3,"2021 May"
"26","Alabama",3.3,"2021","Jun",3,"2021 Jun"
"27","Alabama",3.2,"2021","Jul",1,"2021 Jul"
"28","Alabama",3.1,"2021","Aug",1,"2021 Aug"
"29","Alabama",3.1,"2021","Sep",3,"2021 Sep"
"30","Alabama",3.1,"2021","Oct",2,"2021 Oct"
"31","Alaska",11.8,"2020","Apr",1,"2020 Apr"
"32","Alaska",6.5,"2020","Oct",1,"2020 Oct"
"33","Alaska",6.5,"2020","Nov",1,"2020 Nov"
"34","Alaska",6.6,"2021","Jun",1,"2021 Jun"
"35","Arizona",4.7,"2018","Jul",1,"2018 Jul"
"36","Arizona",5,"2018","Nov",1,"2018 Nov"
"37","Arizona",5,"2019","Jan",2,"2019 Jan"
"38","Arizona",5,"2019","Mar",2,"2019 Mar"
"39","Arizona",4.9,"2019","Apr",1,"2019 Apr"
"40","Arizona",4.7,"2019","Nov",1,"2019 Nov"
"41","Arizona",10.7,"2020","Jun",1,"2020 Jun"
"42","Arizona",6.8,"2020","Oct",1,"2020 Oct"
"43","Arizona",6.8,"2020","Nov",2,"2020 Nov"
"44","Arizona",6.7,"2021","Jan",2,"2021 Jan"
"45","Arizona",6.7,"2021","Mar",1,"2021 Mar"
"46","Arizona",6.7,"2021","May",1,"2021 May"
"47","Arizona",6.6,"2021","Jul",1,"2021 Jul"
"48","Arkansas",3.8,"2018","Jan",1,"2018 Jan"
"49","Arkansas",3.7,"2018","Apr",1,"2018 Apr"
"50","Arkansas",3.6,"2018","Aug",1,"2018 Aug"
"51","Arkansas",3.6,"2018","Sep",1,"2018 Sep"
"52","Arkansas",3.6,"2018","Oct",1,"2018 Oct"
"53","Arkansas",3.7,"2018","Nov",1,"2018 Nov"
"54","Arkansas",3.6,"2019","Jan",2,"2019 Jan"
"55","Arkansas",3.5,"2019","Mar",1,"2019 Mar"
"56","Arkansas",3.5,"2019","Nov",2,"2019 Nov"
"57","Arkansas",7.8,"2020","Jun",4,"2020 Jun"
"58","Arkansas",7.1,"2020","Jul",2,"2020 Jul"
"59","Arkansas",6.5,"2020","Aug",1,"2020 Aug"
"60","Arkansas",5.9,"2020","Sep",5,"2020 Sep"
"61","Arkansas",4.9,"2020","Dec",1,"2020 Dec"
"62","Arkansas",4.6,"2021","Jan",1,"2021 Jan"
"63","Arkansas",4.4,"2021","Apr",1,"2021 Apr"
"64","Arkansas",4.4,"2021","Jun",1,"2021 Jun"
"65","Arkansas",3.7,"2021","Oct",2,"2021 Oct"
"66","California",4.4,"2018","Jan",1,"2018 Jan"
"67","California",4.3,"2018","Mar",2,"2018 Mar"
"68","California",4.3,"2018","Apr",2,"2018 Apr"
"69","California",4.2,"2018","May",3,"2018 May"
"70","California",4.2,"2018","Jun",6,"2018 Jun"
"71","California",4.2,"2018","Jul",4,"2018 Jul"
"72","California",4.2,"2018","Aug",2,"2018 Aug"
"73","California",4.2,"2018","Sep",5,"2018 Sep"
"74","California",4.3,"2018","Oct",5,"2018 Oct"
"75","California",4.3,"2018","Nov",4,"2018 Nov"
"76","California",4.3,"2018","Dec",1,"2018 Dec"
"77","California",4.3,"2019","Jan",2,"2019 Jan"
"78","California",4.3,"2019","Feb",3,"2019 Feb"
"79","California",4.2,"2019","Mar",2,"2019 Mar"
"80","California",4.1,"2019","Apr",6,"2019 Apr"
"81","California",4.1,"2019","May",7,"2019 May"
"82","California",4.1,"2019","Jun",7,"2019 Jun"
"83","California",4.1,"2019","Jul",5,"2019 Jul"
"84","California",4.1,"2019","Aug",2,"2019 Aug"
"85","California",4.1,"2019","Sep",2,"2019 Sep"
"86","California",4.1,"2019","Oct",2,"2019 Oct"
"87","California",4.1,"2019","Nov",7,"2019 Nov"
"88","California",4.2,"2019","Dec",4,"2019 Dec"
"89","California",4.2,"2020","Jan",2,"2020 Jan"
"90","California",4.3,"2020","Feb",1,"2020 Feb"
"91","California",4.5,"2020","Mar",2,"2020 Mar"
"92","California",16,"2020","Apr",2,"2020 Apr"
"93","California",15.6,"2020","May",3,"2020 May"
"94","California",14.1,"2020","Jun",9,"2020 Jun"
"95","California",13.2,"2020","Jul",3,"2020 Jul"
"96","California",12.3,"2020","Aug",4,"2020 Aug"
"97","California",10.6,"2020","Sep",4,"2020 Sep"
"98","California",9.8,"2020","Oct",6,"2020 Oct"
"99","California",8.7,"2020","Nov",1,"2020 Nov"
"100","California",9.3,"2020","Dec",2,"2020 Dec"
"101","California",9,"2021","Jan",3,"2021 Jan"
"102","California",8.5,"2021","Feb",3,"2021 Feb"
"103","California",8.3,"2021","Mar",4,"2021 Mar"
"104","California",8,"2021","Apr",1,"2021 Apr"
"105","California",7.7,"2021","May",7,"2021 May"
"106","California",7.6,"2021","Jun",3,"2021 Jun"
"107","California",7.6,"2021","Jul",7,"2021 Jul"
"108","California",7.5,"2021","Aug",3,"2021 Aug"
"109","California",7.5,"2021","Sep",4,"2021 Sep"
"110","California",7.3,"2021","Oct",4,"2021 Oct"
"111","Colorado",2.9,"2018","Feb",1,"2018 Feb"
"112","Colorado",3,"2018","May",1,"2018 May"
"113","Colorado",3.1,"2018","Jun",1,"2018 Jun"
"114","Colorado",3.1,"2018","Jul",1,"2018 Jul"
"115","Colorado",3.1,"2018","Aug",2,"2018 Aug"
"116","Colorado",3.1,"2018","Nov",1,"2018 Nov"
"117","Colorado",3.1,"2018","Dec",1,"2018 Dec"
"118","Colorado",2.8,"2019","Mar",1,"2019 Mar"
"119","Colorado",2.6,"2019","May",1,"2019 May"
"120","Colorado",2.6,"2019","Jun",1,"2019 Jun"
"121","Colorado",2.5,"2019","Oct",1,"2019 Oct"
"122","Colorado",2.7,"2020","Jan",1,"2020 Jan"
"123","Colorado",2.8,"2020","Feb",1,"2020 Feb"
"124","Colorado",11.3,"2020","Jun",2,"2020 Jun"
"125","Colorado",7.4,"2020","Jul",2,"2020 Jul"
"126","Colorado",7.1,"2020","Aug",4,"2020 Aug"
"127","Colorado",7,"2020","Sep",1,"2020 Sep"
"128","Colorado",6.4,"2021","Feb",2,"2021 Feb"
"129","Colorado",6.4,"2021","Mar",1,"2021 Mar"
"130","Colorado",6.2,"2021","May",1,"2021 May"
"131","Colorado",6.2,"2021","Jun",1,"2021 Jun"
"132","Colorado",5.9,"2021","Aug",1,"2021 Aug"
"133","Colorado",5.4,"2021","Oct",4,"2021 Oct"
"134","Connecticut",4.2,"2018","Feb",1,"2018 Feb"
"135","Connecticut",3.9,"2018","Jun",1,"2018 Jun"
"136","Connecticut",3.5,"2019","Jun",2,"2019 Jun"
"137","Connecticut",3.6,"2019","Sep",1,"2019 Sep"
"138","Connecticut",3.7,"2020","Jan",1,"2020 Jan"
"139","Connecticut",3.7,"2020","Feb",1,"2020 Feb"
"140","Connecticut",11.4,"2020","Jun",1,"2020 Jun"
"141","Connecticut",8.4,"2020","Aug",2,"2020 Aug"
"142","Connecticut",8.3,"2020","Sep",1,"2020 Sep"
"143","Connecticut",8.2,"2020","Dec",1,"2020 Dec"
"144","Connecticut",8.1,"2021","Apr",1,"2021 Apr"
"145","Connecticut",7.3,"2021","Jul",1,"2021 Jul"
"146","Delaware",3.6,"2018","Jul",1,"2018 Jul"
"147","Delaware",3.4,"2019","Apr",1,"2019 Apr"
"148","Delaware",3.4,"2019","May",1,"2019 May"
"149","Delaware",4.5,"2020","Feb",1,"2020 Feb"
"150","Delaware",8.3,"2020","Jul",2,"2020 Jul"
"151","Delaware",6.3,"2021","Feb",1,"2021 Feb"
"152","Delaware",5.9,"2021","May",2,"2021 May"
"153","Delaware",5.8,"2021","Jun",1,"2021 Jun"
"154","Delaware",5.6,"2021","Jul",1,"2021 Jul"
"155","Delaware",5.4,"2021","Sep",1,"2021 Sep"
"156","Delaware",5.3,"2021","Oct",1,"2021 Oct"
"157","Florida",3.9,"2018","Jan",3,"2018 Jan"
"158","Florida",3.9,"2018","Feb",3,"2018 Feb"
"159","Florida",3.8,"2018","Mar",2,"2018 Mar"
"160","Florida",3.7,"2018","Apr",4,"2018 Apr"
"161","Florida",3.6,"2018","Jun",6,"2018 Jun"
"162","Florida",3.5,"2018","Jul",3,"2018 Jul"
"163","Florida",3.5,"2018","Aug",1,"2018 Aug"
"164","Florida",3.5,"2018","Sep",3,"2018 Sep"
"165","Florida",3.5,"2018","Oct",1,"2018 Oct"
"166","Florida",3.5,"2018","Nov",2,"2018 Nov"
"167","Florida",3.5,"2018","Dec",2,"2018 Dec"
"168","Florida",3.5,"2019","Jan",5,"2019 Jan"
"169","Florida",3.3,"2019","Apr",3,"2019 Apr"
"170","Florida",3.2,"2019","Sep",2,"2019 Sep"
"171","Florida",3.2,"2019","Oct",1,"2019 Oct"
"172","Florida",3.2,"2019","Nov",2,"2019 Nov"
"173","Florida",3.2,"2019","Dec",2,"2019 Dec"
"174","Florida",3.3,"2020","Jan",2,"2020 Jan"
"175","Florida",3.3,"2020","Feb",1,"2020 Feb"
"176","Florida",4.9,"2020","Mar",1,"2020 Mar"
"177","Florida",14,"2020","Apr",2,"2020 Apr"
"178","Florida",14.2,"2020","May",5,"2020 May"
"179","Florida",11.6,"2020","Jun",1,"2020 Jun"
"180","Florida",11.5,"2020","Jul",5,"2020 Jul"
"181","Florida",7.9,"2020","Aug",2,"2020 Aug"
"182","Florida",7.2,"2020","Sep",4,"2020 Sep"
"183","Florida",5.8,"2020","Oct",3,"2020 Oct"
"184","Florida",5.4,"2020","Nov",4,"2020 Nov"
"185","Florida",5.1,"2020","Dec",4,"2020 Dec"
"186","Florida",4.8,"2021","Jan",5,"2021 Jan"
"187","Florida",4.7,"2021","Feb",2,"2021 Feb"
"188","Florida",4.7,"2021","Mar",3,"2021 Mar"
"189","Florida",4.8,"2021","Apr",3,"2021 Apr"
"190","Florida",4.9,"2021","May",3,"2021 May"
"191","Florida",5,"2021","Jun",5,"2021 Jun"
"192","Florida",5.1,"2021","Jul",1,"2021 Jul"
"193","Florida",4.8,"2021","Sep",3,"2021 Sep"
"194","Florida",4.6,"2021","Oct",2,"2021 Oct"
"195","Georgia",4,"2018","May",1,"2018 May"
"196","Georgia",4,"2018","Jun",2,"2018 Jun"
"197","Georgia",3.9,"2018","Jul",2,"2018 Jul"
"198","Georgia",3.9,"2018","Sep",1,"2018 Sep"
"199","Georgia",3.9,"2018","Oct",2,"2018 Oct"
"200","Georgia",3.9,"2019","Jan",2,"2019 Jan"
"201","Georgia",3.7,"2019","Mar",3,"2019 Mar"
"202","Georgia",3.6,"2019","Apr",1,"2019 Apr"
"203","Georgia",3.5,"2019","Jun",5,"2019 Jun"
"204","Georgia",3.5,"2019","Jul",1,"2019 Jul"
"205","Georgia",3.5,"2019","Aug",2,"2019 Aug"
"206","Georgia",3.4,"2019","Sep",1,"2019 Sep"
"207","Georgia",3.3,"2019","Nov",2,"2019 Nov"
"208","Georgia",3.3,"2019","Dec",2,"2019 Dec"
"209","Georgia",3.3,"2020","Jan",1,"2020 Jan"
"210","Georgia",3.6,"2020","Mar",2,"2020 Mar"
"211","Georgia",9.4,"2020","May",1,"2020 May"
"212","Georgia",8.4,"2020","Jun",2,"2020 Jun"
"213","Georgia",7.6,"2020","Jul",3,"2020 Jul"
"214","Georgia",6.5,"2020","Sep",3,"2020 Sep"
"215","Georgia",5.9,"2020","Oct",2,"2020 Oct"
"216","Georgia",5.6,"2020","Nov",2,"2020 Nov"
"217","Georgia",5.3,"2020","Dec",1,"2020 Dec"
"218","Georgia",4.8,"2021","Feb",2,"2021 Feb"
"219","Georgia",4.5,"2021","Mar",1,"2021 Mar"
"220","Georgia",4.3,"2021","Apr",2,"2021 Apr"
"221","Georgia",4.1,"2021","May",5,"2021 May"
"222","Georgia",4,"2021","Jun",2,"2021 Jun"
"223","Georgia",3.7,"2021","Jul",2,"2021 Jul"
"224","Georgia",3.3,"2021","Sep",4,"2021 Sep"
"225","Georgia",3.1,"2021","Oct",2,"2021 Oct"
"226","Idaho",2.6,"2020","Feb",1,"2020 Feb"
"227","Idaho",2.8,"2021","Oct",1,"2021 Oct"
"228","Illinois",4.5,"2018","Jan",1,"2018 Jan"
"229","Illinois",4.4,"2018","Mar",3,"2018 Mar"
"230","Illinois",4.3,"2018","May",2,"2018 May"
"231","Illinois",4.3,"2018","Jun",10,"2018 Jun"
"232","Illinois",4.3,"2018","Jul",5,"2018 Jul"
"233","Illinois",4.3,"2018","Aug",8,"2018 Aug"
"234","Illinois",4.3,"2018","Sep",3,"2018 Sep"
"235","Illinois",4.4,"2018","Oct",3,"2018 Oct"
"236","Illinois",4.5,"2019","Jan",1,"2019 Jan"
"237","Illinois",4.5,"2019","Feb",2,"2019 Feb"
"238","Illinois",4.4,"2019","Mar",2,"2019 Mar"
"239","Illinois",4.2,"2019","Apr",2,"2019 Apr"
"240","Illinois",4.1,"2019","May",1,"2019 May"
"241","Illinois",4,"2019","Jun",6,"2019 Jun"
"242","Illinois",3.9,"2019","Jul",11,"2019 Jul"
"243","Illinois",3.8,"2019","Aug",6,"2019 Aug"
"244","Illinois",3.7,"2019","Sep",5,"2019 Sep"
"245","Illinois",3.6,"2019","Oct",1,"2019 Oct"
"246","Illinois",3.5,"2019","Dec",4,"2019 Dec"
"247","Illinois",3.5,"2020","Jan",1,"2020 Jan"
"248","Illinois",3.6,"2020","Feb",2,"2020 Feb"
"249","Illinois",3.7,"2020","Mar",3,"2020 Mar"
"250","Illinois",16.5,"2020","Apr",1,"2020 Apr"
"251","Illinois",15.4,"2020","May",6,"2020 May"
"252","Illinois",14.2,"2020","Jun",13,"2020 Jun"
"253","Illinois",12,"2020","Jul",15,"2020 Jul"
"254","Illinois",11.1,"2020","Aug",10,"2020 Aug"
"255","Illinois",10.4,"2020","Sep",7,"2020 Sep"
"256","Illinois",8.1,"2020","Oct",3,"2020 Oct"
"257","Illinois",8.1,"2020","Nov",4,"2020 Nov"
"258","Illinois",8,"2020","Dec",3,"2020 Dec"
"259","Illinois",7.7,"2021","Jan",3,"2021 Jan"
"260","Illinois",7.4,"2021","Feb",2,"2021 Feb"
"261","Illinois",7.1,"2021","Mar",6,"2021 Mar"
"262","Illinois",7.1,"2021","Apr",2,"2021 Apr"
"263","Illinois",7.1,"2021","May",6,"2021 May"
"264","Illinois",7.2,"2021","Jun",12,"2021 Jun"
"265","Illinois",7.1,"2021","Jul",17,"2021 Jul"
"266","Illinois",7,"2021","Aug",13,"2021 Aug"
"267","Illinois",6.2,"2021","Sep",11,"2021 Sep"
"268","Illinois",6,"2021","Oct",7,"2021 Oct"
"269","Indiana",3.3,"2018","Jan",1,"2018 Jan"
"270","Indiana",3.3,"2018","Mar",1,"2018 Mar"
"271","Indiana",3.4,"2018","May",1,"2018 May"
"272","Indiana",3.4,"2018","Jun",2,"2018 Jun"
"273","Indiana",3.4,"2018","Nov",1,"2018 Nov"
"274","Indiana",3.5,"2019","Jan",1,"2019 Jan"
"275","Indiana",3.4,"2019","Feb",1,"2019 Feb"
"276","Indiana",3.3,"2019","Apr",1,"2019 Apr"
"277","Indiana",3.2,"2019","May",3,"2019 May"
"278","Indiana",3.2,"2019","Jun",1,"2019 Jun"
"279","Indiana",3.2,"2019","Sep",2,"2019 Sep"
"280","Indiana",3.1,"2019","Oct",1,"2019 Oct"
"281","Indiana",3.2,"2020","Feb",1,"2020 Feb"
"282","Indiana",16.9,"2020","Apr",2,"2020 Apr"
"283","Indiana",6.3,"2020","Sep",1,"2020 Sep"
"284","Indiana",5.6,"2020","Oct",1,"2020 Oct"
"285","Indiana",5,"2020","Nov",1,"2020 Nov"
"286","Indiana",4.6,"2020","Dec",1,"2020 Dec"
"287","Indiana",4.2,"2021","Jan",1,"2021 Jan"
"288","Indiana",4,"2021","Feb",2,"2021 Feb"
"289","Indiana",3.9,"2021","Mar",2,"2021 Mar"
"290","Indiana",3.9,"2021","Apr",1,"2021 Apr"
"291","Indiana",4,"2021","May",2,"2021 May"
"292","Indiana",4.1,"2021","Jun",2,"2021 Jun"
"293","Indiana",4.1,"2021","Jul",2,"2021 Jul"
"294","Indiana",4.1,"2021","Aug",2,"2021 Aug"
"295","Iowa",2.7,"2019","May",1,"2019 May"
"296","Iowa",2.7,"2019","Jun",1,"2019 Jun"
"297","Iowa",2.8,"2019","Dec",1,"2019 Dec"
"298","Iowa",7.1,"2020","Jun",2,"2020 Jun"
"299","Iowa",6.1,"2020","Jul",1,"2020 Jul"
"300","Iowa",4.7,"2020","Sep",1,"2020 Sep"
"301","Iowa",3.6,"2021","Jan",1,"2021 Jan"
"302","Iowa",4.1,"2021","Jul",1,"2021 Jul"
"303","Iowa",3.9,"2021","Oct",2,"2021 Oct"
"304","Kansas",3.4,"2018","Feb",1,"2018 Feb"
"305","Kansas",3.2,"2018","Jun",1,"2018 Jun"
"306","Kansas",3.1,"2019","Apr",1,"2019 Apr"
"307","Kansas",3.1,"2019","Jul",1,"2019 Jul"
"308","Kansas",3.1,"2019","Sep",1,"2019 Sep"
"309","Kansas",3.1,"2019","Oct",1,"2019 Oct"
"310","Kansas",7,"2020","Jun",1,"2020 Jun"
"311","Kansas",4.7,"2020","Nov",1,"2020 Nov"
"312","Kansas",3.5,"2021","Apr",1,"2021 Apr"
"313","Kansas",3.9,"2021","Sep",1,"2021 Sep"
"314","Kentucky",4.2,"2018","Jan",2,"2018 Jan"
"315","Kentucky",4.2,"2018","Feb",1,"2018 Feb"
"316","Kentucky",4.2,"2018","Mar",1,"2018 Mar"
"317","Kentucky",4.2,"2019","Jan",1,"2019 Jan"
"318","Kentucky",4.2,"2019","Feb",1,"2019 Feb"
"319","Kentucky",4.1,"2019","Apr",2,"2019 Apr"
"320","Kentucky",4.1,"2019","Jun",1,"2019 Jun"
"321","Kentucky",16.9,"2020","Apr",1,"2020 Apr"
"322","Kentucky",10.9,"2020","May",2,"2020 May"
"323","Kentucky",5.7,"2020","Jun",1,"2020 Jun"
"324","Kentucky",5.6,"2020","Jul",2,"2020 Jul"
"325","Kentucky",5.5,"2020","Aug",4,"2020 Aug"
"326","Kentucky",5.3,"2021","Jan",1,"2021 Jan"
"327","Kentucky",4.4,"2021","Jun",1,"2021 Jun"
"328","Kentucky",4.4,"2021","Jul",1,"2021 Jul"
"329","Kentucky",4.2,"2021","Oct",1,"2021 Oct"
"330","Louisiana",4.7,"2018","Feb",1,"2018 Feb"
"331","Louisiana",4.9,"2018","Apr",3,"2018 Apr"
"332","Louisiana",4.9,"2018","May",2,"2018 May"
"333","Louisiana",4.9,"2018","Jun",1,"2018 Jun"
"334","Louisiana",4.9,"2018","Jul",2,"2018 Jul"
"335","Louisiana",4.8,"2018","Sep",1,"2018 Sep"
"336","Louisiana",4.8,"2018","Nov",1,"2018 Nov"
"337","Louisiana",4.8,"2018","Dec",2,"2018 Dec"
"338","Louisiana",4.7,"2019","Jan",1,"2019 Jan"
"339","Louisiana",4.6,"2019","Feb",2,"2019 Feb"
"340","Louisiana",4.4,"2019","Mar",1,"2019 Mar"
"341","Louisiana",4.4,"2019","Apr",1,"2019 Apr"
"342","Louisiana",4.3,"2019","May",4,"2019 May"
"343","Louisiana",4.4,"2019","Jun",3,"2019 Jun"
"344","Louisiana",4.7,"2019","Aug",1,"2019 Aug"
"345","Louisiana",4.8,"2019","Sep",4,"2019 Sep"
"346","Louisiana",4.9,"2019","Nov",3,"2019 Nov"
"347","Louisiana",5,"2019","Dec",6,"2019 Dec"
"348","Louisiana",5.1,"2020","Jan",1,"2020 Jan"
"349","Louisiana",5.2,"2020","Feb",1,"2020 Feb"
"350","Louisiana",5.3,"2020","Mar",1,"2020 Mar"
"351","Louisiana",13.1,"2020","May",3,"2020 May"
"352","Louisiana",9.4,"2020","Jun",4,"2020 Jun"
"353","Louisiana",9.1,"2020","Jul",4,"2020 Jul"
"354","Louisiana",8,"2020","Sep",5,"2020 Sep"
"355","Louisiana",7.9,"2020","Oct",3,"2020 Oct"
"356","Louisiana",7.9,"2020","Nov",4,"2020 Nov"
"357","Louisiana",7.9,"2020","Dec",1,"2020 Dec"
"358","Louisiana",7.6,"2021","Jan",2,"2021 Jan"
"359","Louisiana",7.6,"2021","Feb",5,"2021 Feb"
"360","Louisiana",7.4,"2021","Mar",1,"2021 Mar"
"361","Louisiana",7.2,"2021","Apr",6,"2021 Apr"
"362","Louisiana",7.1,"2021","May",1,"2021 May"
"363","Louisiana",6.9,"2021","Jun",3,"2021 Jun"
"364","Louisiana",6.2,"2021","Aug",3,"2021 Aug"
"365","Louisiana",5.8,"2021","Sep",3,"2021 Sep"
"366","Louisiana",5.4,"2021","Oct",4,"2021 Oct"
"367","Maine",3.1,"2020","Feb",1,"2020 Feb"
"368","Maryland",3.9,"2018","May",1,"2018 May"
"369","Maryland",3.8,"2018","Jun",2,"2018 Jun"
"370","Maryland",3.8,"2018","Jul",2,"2018 Jul"
"371","Maryland",3.7,"2018","Aug",1,"2018 Aug"
"372","Maryland",3.7,"2018","Sep",2,"2018 Sep"
"373","Maryland",3.7,"2018","Dec",1,"2018 Dec"
"374","Maryland",3.6,"2019","Feb",1,"2019 Feb"
"375","Maryland",3.6,"2019","Mar",1,"2019 Mar"
"376","Maryland",3.5,"2019","Apr",3,"2019 Apr"
"377","Maryland",3.5,"2019","May",3,"2019 May"
"378","Maryland",3.5,"2019","Jun",1,"2019 Jun"
"379","Maryland",3.5,"2019","Jul",2,"2019 Jul"
"380","Maryland",3.5,"2019","Aug",5,"2019 Aug"
"381","Maryland",3.4,"2019","Oct",4,"2019 Oct"
"382","Maryland",3.3,"2019","Dec",1,"2019 Dec"
"383","Maryland",3.5,"2020","Mar",3,"2020 Mar"
"384","Maryland",9,"2020","Apr",1,"2020 Apr"
"385","Maryland",9,"2020","May",2,"2020 May"
"386","Maryland",8.6,"2020","Jun",1,"2020 Jun"
"387","Maryland",8.7,"2020","Jul",3,"2020 Jul"
"388","Maryland",7,"2020","Sep",3,"2020 Sep"
"389","Maryland",6.8,"2020","Oct",5,"2020 Oct"
"390","Maryland",6.8,"2020","Dec",1,"2020 Dec"
"391","Maryland",6.2,"2021","Mar",1,"2021 Mar"
"392","Maryland",6.2,"2021","Apr",2,"2021 Apr"
"393","Maryland",6.1,"2021","May",3,"2021 May"
"394","Maryland",6.2,"2021","Jun",1,"2021 Jun"
"395","Maryland",6,"2021","Jul",1,"2021 Jul"
"396","Maryland",6,"2021","Aug",2,"2021 Aug"
"397","Maryland",5.8,"2021","Sep",1,"2021 Sep"
"398","Maryland",5.7,"2021","Oct",3,"2021 Oct"
"399","Massachusetts",3.5,"2018","Jun",1,"2018 Jun"
"400","Massachusetts",3,"2019","May",1,"2019 May"
"401","Massachusetts",3,"2019","Jul",1,"2019 Jul"
"402","Massachusetts",3,"2019","Aug",1,"2019 Aug"
"403","Massachusetts",2.9,"2019","Oct",2,"2019 Oct"
"404","Massachusetts",16.4,"2020","Apr",1,"2020 Apr"
"405","Massachusetts",15.3,"2020","May",1,"2020 May"
"406","Massachusetts",14.8,"2020","Jun",1,"2020 Jun"
"407","Massachusetts",9.8,"2020","Jul",2,"2020 Jul"
"408","Massachusetts",9.3,"2020","Aug",1,"2020 Aug"
"409","Massachusetts",8.5,"2020","Oct",1,"2020 Oct"
"410","Massachusetts",8.4,"2020","Dec",1,"2020 Dec"
"411","Massachusetts",5,"2021","May",1,"2021 May"
"412","Massachusetts",4.9,"2021","Jul",2,"2021 Jul"
"413","Massachusetts",5,"2021","Aug",1,"2021 Aug"
"414","Michigan",4.4,"2018","Feb",2,"2018 Feb"
"415","Michigan",4.3,"2018","Mar",1,"2018 Mar"
"416","Michigan",4.2,"2018","Apr",2,"2018 Apr"
"417","Michigan",4,"2018","Jul",1,"2018 Jul"
"418","Michigan",4,"2018","Aug",1,"2018 Aug"
"419","Michigan",4.1,"2018","Oct",1,"2018 Oct"
"420","Michigan",4.2,"2019","May",1,"2019 May"
"421","Michigan",4.2,"2019","Jun",1,"2019 Jun"
"422","Michigan",4.1,"2019","Jul",1,"2019 Jul"
"423","Michigan",3.9,"2019","Oct",3,"2019 Oct"
"424","Michigan",3.8,"2019","Nov",2,"2019 Nov"
"425","Michigan",3.7,"2019","Dec",1,"2019 Dec"
"426","Michigan",3.7,"2020","Mar",1,"2020 Mar"
"427","Michigan",23.6,"2020","Apr",2,"2020 Apr"
"428","Michigan",20.8,"2020","May",1,"2020 May"
"429","Michigan",14.1,"2020","Jun",2,"2020 Jun"
"430","Michigan",9,"2020","Jul",9,"2020 Jul"
"431","Michigan",8.5,"2020","Aug",3,"2020 Aug"
"432","Michigan",8.2,"2020","Sep",2,"2020 Sep"
"433","Michigan",8.1,"2020","Oct",1,"2020 Oct"
"434","Michigan",5.7,"2021","Jan",1,"2021 Jan"
"435","Michigan",5.1,"2021","Mar",1,"2021 Mar"
"436","Michigan",4.9,"2021","Apr",4,"2021 Apr"
"437","Michigan",5,"2021","May",4,"2021 May"
"438","Michigan",5,"2021","Jun",3,"2021 Jun"
"439","Michigan",4.8,"2021","Jul",3,"2021 Jul"
"440","Michigan",4.7,"2021","Aug",4,"2021 Aug"
"441","Michigan",6.3,"2021","Sep",1,"2021 Sep"
"442","Michigan",6.1,"2021","Oct",2,"2021 Oct"
"443","Minnesota",3,"2018","May",1,"2018 May"
"444","Minnesota",3,"2018","Sep",1,"2018 Sep"
"445","Minnesota",3.1,"2018","Nov",1,"2018 Nov"
"446","Minnesota",3.1,"2019","Jun",1,"2019 Jun"
"447","Minnesota",3.1,"2019","Dec",1,"2019 Dec"
"448","Minnesota",8.9,"2020","Jun",4,"2020 Jun"
"449","Minnesota",6.6,"2020","Aug",1,"2020 Aug"
"450","Minnesota",5.8,"2020","Sep",1,"2020 Sep"
"451","Minnesota",4.4,"2021","Feb",1,"2021 Feb"
"452","Minnesota",4,"2021","May",2,"2021 May"
"453","Minnesota",4,"2021","Jun",1,"2021 Jun"
"454","Minnesota",3.8,"2021","Aug",1,"2021 Aug"
"455","Minnesota",3.7,"2021","Sep",2,"2021 Sep"
"456","Minnesota",3.5,"2021","Oct",3,"2021 Oct"
"457","Mississippi",4.9,"2018","Jan",1,"2018 Jan"
"458","Mississippi",4.9,"2018","May",2,"2018 May"
"459","Mississippi",5.4,"2019","Feb",1,"2019 Feb"
"460","Mississippi",5.4,"2019","Apr",2,"2019 Apr"
"461","Mississippi",5.4,"2019","May",1,"2019 May"
"462","Mississippi",5.7,"2019","Aug",1,"2019 Aug"
"463","Mississippi",5.5,"2019","Dec",1,"2019 Dec"
"464","Mississippi",5.6,"2020","Jan",1,"2020 Jan"
"465","Mississippi",5.8,"2020","Feb",2,"2020 Feb"
"466","Mississippi",15.7,"2020","Apr",1,"2020 Apr"
"467","Mississippi",11,"2020","May",3,"2020 May"
"468","Mississippi",9.6,"2020","Jun",1,"2020 Jun"
"469","Mississippi",8.5,"2020","Jul",3,"2020 Jul"
"470","Mississippi",7.8,"2020","Aug",1,"2020 Aug"
"471","Mississippi",6.9,"2020","Oct",2,"2020 Oct"
"472","Mississippi",6.7,"2020","Nov",1,"2020 Nov"
"473","Mississippi",6.6,"2020","Dec",2,"2020 Dec"
"474","Mississippi",6.3,"2021","Feb",3,"2021 Feb"
"475","Mississippi",6.2,"2021","Mar",2,"2021 Mar"
"476","Mississippi",6,"2021","Aug",1,"2021 Aug"
"477","Mississippi",5.5,"2021","Oct",4,"2021 Oct"
"478","Missouri",3.5,"2018","Jan",2,"2018 Jan"
"479","Missouri",3.3,"2018","Apr",1,"2018 Apr"
"480","Missouri",3.2,"2018","May",2,"2018 May"
"481","Missouri",3.1,"2018","Jul",1,"2018 Jul"
"482","Missouri",3.1,"2018","Aug",3,"2018 Aug"
"483","Missouri",3.1,"2018","Oct",1,"2018 Oct"
"484","Missouri",3.1,"2018","Nov",2,"2018 Nov"
"485","Missouri",3.2,"2018","Dec",2,"2018 Dec"
"486","Missouri",3.1,"2019","Apr",1,"2019 Apr"
"487","Missouri",3.1,"2019","May",4,"2019 May"
"488","Missouri",3.2,"2019","Jul",3,"2019 Jul"
"489","Missouri",3.3,"2019","Aug",3,"2019 Aug"
"490","Missouri",3.4,"2019","Sep",2,"2019 Sep"
"491","Missouri",3.4,"2019","Oct",3,"2019 Oct"
"492","Missouri",3.5,"2019","Nov",1,"2019 Nov"
"493","Missouri",3.5,"2019","Dec",1,"2019 Dec"
"494","Missouri",3.6,"2020","Jan",3,"2020 Jan"
"495","Missouri",3.6,"2020","Feb",1,"2020 Feb"
"496","Missouri",3.7,"2020","Mar",2,"2020 Mar"
"497","Missouri",9.6,"2020","May",2,"2020 May"
"498","Missouri",8.1,"2020","Jun",4,"2020 Jun"
"499","Missouri",6.8,"2020","Jul",3,"2020 Jul"
"500","Missouri",6,"2020","Aug",1,"2020 Aug"
"501","Missouri",5.4,"2020","Sep",3,"2020 Sep"
"502","Missouri",5,"2020","Oct",1,"2020 Oct"
"503","Missouri",4.7,"2020","Nov",2,"2020 Nov"
"504","Missouri",4.3,"2021","Feb",1,"2021 Feb"
"505","Missouri",4.1,"2021","Apr",2,"2021 Apr"
"506","Missouri",4.2,"2021","May",3,"2021 May"
"507","Missouri",4.3,"2021","Jun",2,"2021 Jun"
"508","Missouri",4.2,"2021","Jul",2,"2021 Jul"
"509","Missouri",3.8,"2021","Sep",4,"2021 Sep"
"510","Missouri",3.7,"2021","Oct",1,"2021 Oct"
"511","Montana",3.6,"2019","Mar",1,"2019 Mar"
"512","Montana",3.6,"2019","Dec",1,"2019 Dec"
"513","Nebraska",2.8,"2018","May",2,"2018 May"
"514","Nebraska",2.8,"2018","Jun",1,"2018 Jun"
"515","Nebraska",3,"2019","May",1,"2019 May"
"516","Nebraska",4.4,"2020","Jul",1,"2020 Jul"
"517","Nebraska",3.4,"2020","Nov",1,"2020 Nov"
"518","Nebraska",2.3,"2021","Jul",1,"2021 Jul"
"519","Nevada",4.3,"2018","Aug",1,"2018 Aug"
"520","Nevada",4.3,"2018","Oct",2,"2018 Oct"
"521","Nevada",4.3,"2018","Dec",1,"2018 Dec"
"522","Nevada",4.1,"2019","Mar",2,"2019 Mar"
"523","Nevada",3.9,"2019","Jul",1,"2019 Jul"
"524","Nevada",14.5,"2020","Aug",1,"2020 Aug"
"525","Nevada",12,"2020","Oct",1,"2020 Oct"
"526","Nevada",8.7,"2020","Nov",2,"2020 Nov"
"527","Nevada",8.5,"2021","Jan",1,"2021 Jan"
"528","Nevada",7.7,"2021","Jul",1,"2021 Jul"
"529","Nevada",7.7,"2021","Aug",2,"2021 Aug"
"530","Nevada",7.3,"2021","Oct",1,"2021 Oct"
"531","New Hampshire",2.9,"2021","Jul",1,"2021 Jul"
"532","New Jersey",4.3,"2018","Mar",2,"2018 Mar"
"533","New Jersey",4.1,"2018","May",1,"2018 May"
"534","New Jersey",4,"2018","Jun",2,"2018 Jun"
"535","New Jersey",3.9,"2018","Jul",1,"2018 Jul"
"536","New Jersey",3.8,"2018","Aug",1,"2018 Aug"
"537","New Jersey",3.8,"2018","Sep",2,"2018 Sep"
"538","New Jersey",3.7,"2018","Oct",1,"2018 Oct"
"539","New Jersey",3.6,"2019","Jan",1,"2019 Jan"
"540","New Jersey",3.4,"2019","Mar",2,"2019 Mar"
"541","New Jersey",3.2,"2019","May",3,"2019 May"
"542","New Jersey",3.2,"2019","Jun",3,"2019 Jun"
"543","New Jersey",3.6,"2019","Nov",1,"2019 Nov"
"544","New Jersey",3.6,"2019","Dec",1,"2019 Dec"
"545","New Jersey",16.5,"2020","May",1,"2020 May"
"546","New Jersey",16.3,"2020","Jun",1,"2020 Jun"
"547","New Jersey",13.1,"2020","Jul",2,"2020 Jul"
"548","New Jersey",11,"2020","Aug",2,"2020 Aug"
"549","New Jersey",7.8,"2020","Sep",3,"2020 Sep"
"550","New Jersey",7.7,"2020","Oct",1,"2020 Oct"
"551","New Jersey",10.2,"2020","Nov",2,"2020 Nov"
"552","New Jersey",7.2,"2021","May",5,"2021 May"
"553","New Jersey",7.2,"2021","Jun",3,"2021 Jun"
"554","New Jersey",7.3,"2021","Jul",2,"2021 Jul"
"555","New Jersey",7.2,"2021","Aug",1,"2021 Aug"
"556","New Jersey",7.1,"2021","Sep",1,"2021 Sep"
"557","New Mexico",5,"2018","Oct",1,"2018 Oct"
"558","New Mexico",5.1,"2018","Nov",1,"2018 Nov"
"559","New Mexico",5.2,"2019","Jan",1,"2019 Jan"
"560","New Mexico",5,"2019","Jul",1,"2019 Jul"
"561","New Mexico",5,"2019","Aug",1,"2019 Aug"
"562","New Mexico",5,"2019","Sep",2,"2019 Sep"
"563","New Mexico",5.4,"2020","Mar",2,"2020 Mar"
"564","New Mexico",10,"2020","May",1,"2020 May"
"565","New Mexico",8.3,"2021","Mar",1,"2021 Mar"
"566","New York",4.3,"2018","Mar",1,"2018 Mar"
"567","New York",4.1,"2018","May",1,"2018 May"
"568","New York",4,"2018","Jun",3,"2018 Jun"
"569","New York",3.9,"2018","Jul",3,"2018 Jul"
"570","New York",3.9,"2018","Aug",1,"2018 Aug"
"571","New York",3.9,"2018","Sep",2,"2018 Sep"
"572","New York",4,"2018","Nov",1,"2018 Nov"
"573","New York",4,"2018","Dec",1,"2018 Dec"
"574","New York",3.9,"2019","Feb",1,"2019 Feb"
"575","New York",3.8,"2019","Jun",2,"2019 Jun"
"576","New York",3.8,"2019","Jul",2,"2019 Jul"
"577","New York",3.8,"2019","Aug",1,"2019 Aug"
"578","New York",3.8,"2019","Oct",1,"2019 Oct"
"579","New York",3.7,"2019","Nov",1,"2019 Nov"
"580","New York",3.7,"2019","Dec",1,"2019 Dec"
"581","New York",3.8,"2020","Jan",2,"2020 Jan"
"582","New York",16.2,"2020","Apr",2,"2020 Apr"
"583","New York",15,"2020","Jun",10,"2020 Jun"
"584","New York",14.7,"2020","Jul",5,"2020 Jul"
"585","New York",11.7,"2020","Aug",9,"2020 Aug"
"586","New York",10,"2020","Sep",4,"2020 Sep"
"587","New York",8.7,"2020","Oct",3,"2020 Oct"
"588","New York",8.7,"2020","Nov",1,"2020 Nov"
"589","New York",8.7,"2020","Dec",2,"2020 Dec"
"590","New York",8.8,"2021","Jan",1,"2021 Jan"
"591","New York",8.9,"2021","Feb",1,"2021 Feb"
"592","New York",8.4,"2021","Mar",1,"2021 Mar"
"593","New York",7.8,"2021","May",5,"2021 May"
"594","New York",7.7,"2021","Jun",3,"2021 Jun"
"595","New York",7.6,"2021","Jul",3,"2021 Jul"
"596","New York",7.4,"2021","Aug",5,"2021 Aug"
"597","New York",7.1,"2021","Sep",8,"2021 Sep"
"598","New York",6.9,"2021","Oct",3,"2021 Oct"
"599","North Carolina",4.1,"2018","Mar",1,"2018 Mar"
"600","North Carolina",4.1,"2018","Apr",4,"2018 Apr"
"601","North Carolina",4,"2018","May",1,"2018 May"
"602","North Carolina",4,"2018","Jun",3,"2018 Jun"
"603","North Carolina",4,"2018","Nov",1,"2018 Nov"
"604","North Carolina",3.9,"2019","Apr",2,"2019 Apr"
"605","North Carolina",3.9,"2019","May",1,"2019 May"
"606","North Carolina",3.8,"2019","Jun",1,"2019 Jun"
"607","North Carolina",3.7,"2019","Aug",1,"2019 Aug"
"608","North Carolina",3.7,"2019","Sep",3,"2019 Sep"
"609","North Carolina",3.6,"2019","Oct",1,"2019 Oct"
"610","North Carolina",3.5,"2019","Nov",1,"2019 Nov"
"611","North Carolina",3.5,"2019","Dec",1,"2019 Dec"
"612","North Carolina",3.5,"2020","Jan",2,"2020 Jan"
"613","North Carolina",3.6,"2020","Feb",2,"2020 Feb"
"614","North Carolina",3.9,"2020","Mar",1,"2020 Mar"
"615","North Carolina",13.5,"2020","Apr",2,"2020 Apr"
"616","North Carolina",13.5,"2020","May",2,"2020 May"
"617","North Carolina",8.8,"2020","Jun",3,"2020 Jun"
"618","North Carolina",8.8,"2020","Jul",2,"2020 Jul"
"619","North Carolina",7.3,"2020","Sep",2,"2020 Sep"
"620","North Carolina",6.8,"2020","Oct",1,"2020 Oct"
"621","North Carolina",6.4,"2020","Nov",2,"2020 Nov"
"622","North Carolina",6.1,"2020","Dec",1,"2020 Dec"
"623","North Carolina",5.7,"2021","Feb",3,"2021 Feb"
"624","North Carolina",5.2,"2021","Mar",2,"2021 Mar"
"625","North Carolina",5,"2021","Apr",2,"2021 Apr"
"626","North Carolina",4.8,"2021","May",1,"2021 May"
"627","North Carolina",4.6,"2021","Jun",4,"2021 Jun"
"628","North Carolina",4.4,"2021","Jul",2,"2021 Jul"
"629","North Carolina",4.3,"2021","Aug",2,"2021 Aug"
"630","North Carolina",4.3,"2021","Sep",1,"2021 Sep"
"631","Ohio",4.5,"2018","Feb",1,"2018 Feb"
"632","Ohio",4.6,"2018","May",1,"2018 May"
"633","Ohio",4.5,"2018","Jun",1,"2018 Jun"
"634","Ohio",4.5,"2018","Jul",2,"2018 Jul"
"635","Ohio",4.5,"2018","Aug",2,"2018 Aug"
"636","Ohio",4.5,"2018","Sep",2,"2018 Sep"
"637","Ohio",4.4,"2018","Dec",2,"2018 Dec"
"638","Ohio",4,"2019","Apr",1,"2019 Apr"
"639","Ohio",4,"2019","May",2,"2019 May"
"640","Ohio",4.1,"2019","Jun",3,"2019 Jun"
"641","Ohio",4.2,"2019","Jul",1,"2019 Jul"
"642","Ohio",4.2,"2019","Aug",1,"2019 Aug"
"643","Ohio",4.2,"2019","Sep",2,"2019 Sep"
"644","Ohio",4.2,"2019","Oct",2,"2019 Oct"
"645","Ohio",4.2,"2019","Nov",2,"2019 Nov"
"646","Ohio",4.5,"2020","Jan",1,"2020 Jan"
"647","Ohio",4.9,"2020","Mar",1,"2020 Mar"
"648","Ohio",14.9,"2020","May",3,"2020 May"
"649","Ohio",10.3,"2020","Jun",4,"2020 Jun"
"650","Ohio",9.3,"2020","Jul",2,"2020 Jul"
"651","Ohio",9,"2020","Aug",6,"2020 Aug"
"652","Ohio",7.4,"2020","Sep",3,"2020 Sep"
"653","Ohio",5.6,"2020","Oct",1,"2020 Oct"
"654","Ohio",5.6,"2020","Nov",4,"2020 Nov"
"655","Ohio",5,"2021","Feb",1,"2021 Feb"
"656","Ohio",4.7,"2021","Mar",1,"2021 Mar"
"657","Ohio",4.7,"2021","Apr",2,"2021 Apr"
"658","Ohio",5,"2021","May",5,"2021 May"
"659","Ohio",5.2,"2021","Jun",10,"2021 Jun"
"660","Ohio",5.4,"2021","Jul",7,"2021 Jul"
"661","Ohio",5.4,"2021","Aug",2,"2021 Aug"
"662","Ohio",5.3,"2021","Sep",2,"2021 Sep"
"663","Ohio",5.1,"2021","Oct",2,"2021 Oct"
"664","Oklahoma",3.6,"2018","Feb",1,"2018 Feb"
"665","Oklahoma",3.3,"2018","May",2,"2018 May"
"666","Oklahoma",3.1,"2018","Jul",1,"2018 Jul"
"667","Oklahoma",3.1,"2018","Oct",1,"2018 Oct"
"668","Oklahoma",3,"2019","May",2,"2019 May"
"669","Oklahoma",3.1,"2019","Oct",2,"2019 Oct"
"670","Oklahoma",6.3,"2020","Aug",1,"2020 Aug"
"671","Oklahoma",4.8,"2020","Nov",1,"2020 Nov"
"672","Oklahoma",4.4,"2021","Feb",1,"2021 Feb"
"673","Oklahoma",2.7,"2021","Oct",1,"2021 Oct"
"674","Oregon",3.8,"2019","May",1,"2019 May"
"675","Oregon",8.4,"2020","Aug",1,"2020 Aug"
"676","Oregon",6.3,"2020","Dec",1,"2020 Dec"
"677","Oregon",6.2,"2021","Jan",1,"2021 Jan"
"678","Oregon",6,"2021","Mar",1,"2021 Mar"
"679","Oregon",5.9,"2021","Apr",1,"2021 Apr"
"680","Oregon",5.2,"2021","Jul",1,"2021 Jul"
"681","Oregon",5,"2021","Aug",2,"2021 Aug"
"682","Pennsylvania",4.8,"2018","Jan",3,"2018 Jan"
"683","Pennsylvania",4.5,"2018","Apr",1,"2018 Apr"
"684","Pennsylvania",4.4,"2018","Jun",3,"2018 Jun"
"685","Pennsylvania",4.4,"2018","Jul",2,"2018 Jul"
"686","Pennsylvania",4.4,"2018","Aug",4,"2018 Aug"
"687","Pennsylvania",4.4,"2018","Sep",2,"2018 Sep"
"688","Pennsylvania",4.4,"2018","Oct",2,"2018 Oct"
"689","Pennsylvania",4.4,"2018","Nov",1,"2018 Nov"
"690","Pennsylvania",4.4,"2018","Dec",1,"2018 Dec"
"691","Pennsylvania",4.3,"2019","Jan",2,"2019 Jan"
"692","Pennsylvania",4.3,"2019","Apr",1,"2019 Apr"
"693","Pennsylvania",4.3,"2019","May",2,"2019 May"
"694","Pennsylvania",4.4,"2019","Jun",3,"2019 Jun"
"695","Pennsylvania",4.4,"2019","Jul",3,"2019 Jul"
"696","Pennsylvania",4.5,"2019","Aug",3,"2019 Aug"
"697","Pennsylvania",4.6,"2019","Oct",5,"2019 Oct"
"698","Pennsylvania",5.1,"2020","Mar",2,"2020 Mar"
"699","Pennsylvania",16.2,"2020","Apr",1,"2020 Apr"
"700","Pennsylvania",13.5,"2020","May",6,"2020 May"
"701","Pennsylvania",13.3,"2020","Jun",4,"2020 Jun"
"702","Pennsylvania",13,"2020","Jul",2,"2020 Jul"
"703","Pennsylvania",10.2,"2020","Aug",9,"2020 Aug"
"704","Pennsylvania",7.1,"2020","Sep",7,"2020 Sep"
"705","Pennsylvania",7,"2020","Oct",2,"2020 Oct"
"706","Pennsylvania",7.1,"2020","Dec",1,"2020 Dec"
"707","Pennsylvania",7.3,"2021","Jan",3,"2021 Jan"
"708","Pennsylvania",7.4,"2021","Feb",3,"2021 Feb"
"709","Pennsylvania",7.3,"2021","Mar",4,"2021 Mar"
"710","Pennsylvania",7,"2021","May",4,"2021 May"
"711","Pennsylvania",6.5,"2021","Jul",6,"2021 Jul"
"712","Pennsylvania",6.4,"2021","Aug",3,"2021 Aug"
"713","Pennsylvania",6.2,"2021","Sep",3,"2021 Sep"
"714","Rhode Island",6,"2021","May",1,"2021 May"
"715","Rhode Island",5.8,"2021","Aug",1,"2021 Aug"
"716","South Carolina",3.3,"2018","May",1,"2018 May"
"717","South Carolina",3.3,"2018","Aug",1,"2018 Aug"
"718","South Carolina",3.3,"2018","Oct",2,"2018 Oct"
"719","South Carolina",3.2,"2019","Jan",2,"2019 Jan"
"720","South Carolina",3.2,"2019","Mar",1,"2019 Mar"
"721","South Carolina",2.7,"2019","Jun",2,"2019 Jun"
"722","South Carolina",2.4,"2019","Aug",2,"2019 Aug"
"723","South Carolina",2.4,"2019","Sep",2,"2019 Sep"
"724","South Carolina",2.4,"2019","Oct",1,"2019 Oct"
"725","South Carolina",2.6,"2020","Jan",1,"2020 Jan"
"726","South Carolina",3,"2020","Mar",1,"2020 Mar"
"727","South Carolina",11.5,"2020","Apr",2,"2020 Apr"
"728","South Carolina",11.5,"2020","May",5,"2020 May"
"729","South Carolina",7.6,"2020","Jul",2,"2020 Jul"
"730","South Carolina",5.4,"2020","Aug",1,"2020 Aug"
"731","South Carolina",5.4,"2020","Sep",1,"2020 Sep"
"732","South Carolina",5.4,"2020","Oct",3,"2020 Oct"
"733","South Carolina",5.6,"2020","Nov",6,"2020 Nov"
"734","South Carolina",5.2,"2021","Feb",1,"2021 Feb"
"735","South Carolina",5,"2021","Apr",1,"2021 Apr"
"736","South Carolina",4.6,"2021","May",2,"2021 May"
"737","South Carolina",4.3,"2021","Jul",5,"2021 Jul"
"738","South Carolina",4.2,"2021","Aug",2,"2021 Aug"
"739","South Carolina",4.1,"2021","Sep",2,"2021 Sep"
"740","South Carolina",3.9,"2021","Oct",3,"2021 Oct"
"741","South Dakota",6.1,"2020","Jun",1,"2020 Jun"
"742","Tennessee",3.5,"2018","Jan",1,"2018 Jan"
"743","Tennessee",3.5,"2018","Feb",1,"2018 Feb"
"744","Tennessee",3.4,"2018","Apr",2,"2018 Apr"
"745","Tennessee",3.5,"2018","May",1,"2018 May"
"746","Tennessee",3.5,"2018","Jun",1,"2018 Jun"
"747","Tennessee",3.5,"2018","Jul",3,"2018 Jul"
"748","Tennessee",3.5,"2018","Aug",3,"2018 Aug"
"749","Tennessee",3.5,"2018","Sep",3,"2018 Sep"
"750","Tennessee",3.5,"2018","Oct",2,"2018 Oct"
"751","Tennessee",3.5,"2018","Nov",1,"2018 Nov"
"752","Tennessee",3.4,"2019","Feb",1,"2019 Feb"
"753","Tennessee",3.3,"2019","Apr",2,"2019 Apr"
"754","Tennessee",3.3,"2019","Jun",2,"2019 Jun"
"755","Tennessee",3.3,"2019","Aug",1,"2019 Aug"
"756","Tennessee",3.5,"2019","Nov",1,"2019 Nov"
"757","Tennessee",3.7,"2020","Jan",1,"2020 Jan"
"758","Tennessee",3.9,"2020","Feb",1,"2020 Feb"
"759","Tennessee",15.8,"2020","Apr",1,"2020 Apr"
"760","Tennessee",9.6,"2020","May",3,"2020 May"
"761","Tennessee",9.3,"2020","Jun",3,"2020 Jun"
"762","Tennessee",8.9,"2020","Jul",1,"2020 Jul"
"763","Tennessee",8.1,"2020","Aug",1,"2020 Aug"
"764","Tennessee",7.9,"2020","Sep",3,"2020 Sep"
"765","Tennessee",7.8,"2020","Oct",2,"2020 Oct"
"766","Tennessee",5.6,"2020","Nov",3,"2020 Nov"
"767","Tennessee",4.9,"2021","Feb",2,"2021 Feb"
"768","Tennessee",5.1,"2021","Mar",1,"2021 Mar"
"769","Tennessee",5,"2021","Apr",1,"2021 Apr"
"770","Tennessee",4.9,"2021","Jun",3,"2021 Jun"
"771","Tennessee",4.6,"2021","Aug",2,"2021 Aug"
"772","Tennessee",4.4,"2021","Sep",3,"2021 Sep"
"773","Tennessee",4.2,"2021","Oct",1,"2021 Oct"
"774","Texas",4,"2018","Feb",1,"2018 Feb"
"775","Texas",4,"2018","Mar",1,"2018 Mar"
"776","Texas",4,"2018","Apr",1,"2018 Apr"
"777","Texas",3.9,"2018","May",2,"2018 May"
"778","Texas",3.9,"2018","Jun",2,"2018 Jun"
"779","Texas",3.8,"2018","Jul",3,"2018 Jul"
"780","Texas",3.8,"2018","Sep",1,"2018 Sep"
"781","Texas",3.8,"2018","Oct",3,"2018 Oct"
"782","Texas",3.8,"2018","Nov",1,"2018 Nov"
"783","Texas",3.7,"2019","Jan",2,"2019 Jan"
"784","Texas",3.6,"2019","Feb",4,"2019 Feb"
"785","Texas",3.4,"2019","May",2,"2019 May"
"786","Texas",3.4,"2019","Jun",3,"2019 Jun"
"787","Texas",3.5,"2019","Jul",4,"2019 Jul"
"788","Texas",3.5,"2019","Aug",4,"2019 Aug"
"789","Texas",3.5,"2019","Sep",1,"2019 Sep"
"790","Texas",3.5,"2019","Oct",3,"2019 Oct"
"791","Texas",3.5,"2019","Nov",4,"2019 Nov"
"792","Texas",3.5,"2019","Dec",3,"2019 Dec"
"793","Texas",3.6,"2020","Jan",2,"2020 Jan"
"794","Texas",3.7,"2020","Feb",2,"2020 Feb"
"795","Texas",4.9,"2020","Mar",1,"2020 Mar"
"796","Texas",12.9,"2020","Apr",3,"2020 Apr"
"797","Texas",11.6,"2020","May",6,"2020 May"
"798","Texas",10.2,"2020","Jun",5,"2020 Jun"
"799","Texas",9.3,"2020","Jul",3,"2020 Jul"
"800","Texas",6.9,"2020","Aug",5,"2020 Aug"
"801","Texas",7.9,"2020","Sep",1,"2020 Sep"
"802","Texas",7.3,"2020","Oct",3,"2020 Oct"
"803","Texas",7.2,"2020","Nov",2,"2020 Nov"
"804","Texas",6.9,"2020","Dec",1,"2020 Dec"
"805","Texas",6.8,"2021","Jan",4,"2021 Jan"
"806","Texas",6.9,"2021","Feb",3,"2021 Feb"
"807","Texas",6.9,"2021","Mar",5,"2021 Mar"
"808","Texas",6.7,"2021","Apr",6,"2021 Apr"
"809","Texas",6.6,"2021","May",1,"2021 May"
"810","Texas",6.5,"2021","Jun",6,"2021 Jun"
"811","Texas",6.2,"2021","Jul",9,"2021 Jul"
"812","Texas",5.9,"2021","Aug",4,"2021 Aug"
"813","Texas",5.6,"2021","Sep",4,"2021 Sep"
"814","Texas",5.4,"2021","Oct",7,"2021 Oct"
"815","Utah",3,"2018","Mar",1,"2018 Mar"
"816","Utah",2.4,"2020","Jan",1,"2020 Jan"
"817","Utah",2.7,"2021","Jun",1,"2021 Jun"
"818","Virginia",3,"2018","Apr",1,"2018 Apr"
"819","Virginia",2.9,"2018","Jul",2,"2018 Jul"
"820","Virginia",2.8,"2018","Aug",1,"2018 Aug"
"821","Virginia",2.9,"2019","Jan",1,"2019 Jan"
"822","Virginia",2.9,"2019","Feb",1,"2019 Feb"
"823","Virginia",2.7,"2019","May",3,"2019 May"
"824","Virginia",2.6,"2019","Jun",2,"2019 Jun"
"825","Virginia",2.6,"2019","Aug",2,"2019 Aug"
"826","Virginia",2.5,"2019","Dec",1,"2019 Dec"
"827","Virginia",2.6,"2020","Mar",1,"2020 Mar"
"828","Virginia",8.5,"2020","May",1,"2020 May"
"829","Virginia",8.8,"2020","Jun",1,"2020 Jun"
"830","Virginia",7.9,"2020","Jul",4,"2020 Jul"
"831","Virginia",7,"2020","Aug",2,"2020 Aug"
"832","Virginia",6.1,"2020","Oct",1,"2020 Oct"
"833","Virginia",5.8,"2020","Nov",1,"2020 Nov"
"834","Virginia",5.3,"2021","Jan",1,"2021 Jan"
"835","Virginia",5.1,"2021","Mar",3,"2021 Mar"
"836","Virginia",4.7,"2021","Apr",1,"2021 Apr"
"837","Virginia",4.5,"2021","May",1,"2021 May"
"838","Virginia",4.3,"2021","Jun",2,"2021 Jun"
"839","Virginia",4.2,"2021","Jul",2,"2021 Jul"
"840","Virginia",4,"2021","Aug",1,"2021 Aug"
"841","Washington",4.3,"2018","Apr",1,"2018 Apr"
"842","Washington",4.3,"2018","Jul",1,"2018 Jul"
"843","Washington",4.4,"2018","Oct",1,"2018 Oct"
"844","Washington",4.1,"2019","Jun",1,"2019 Jun"
"845","Washington",4.1,"2019","Jul",1,"2019 Jul"
"846","Washington",4.1,"2019","Aug",1,"2019 Aug"
"847","Washington",3.9,"2019","Nov",1,"2019 Nov"
"848","Washington",4,"2020","Jan",1,"2020 Jan"
"849","Washington",10.8,"2020","Jul",2,"2020 Jul"
"850","Washington",7,"2020","Oct",2,"2020 Oct"
"851","Washington",5.6,"2021","Feb",1,"2021 Feb"
"852","Washington",5.4,"2021","Apr",1,"2021 Apr"
"853","Washington",5.2,"2021","Jun",1,"2021 Jun"
"854","Washington",5.1,"2021","Jul",1,"2021 Jul"
"855","Washington",5.1,"2021","Sep",1,"2021 Sep"
"856","Washington",5,"2021","Oct",2,"2021 Oct"
"857","West Virginia",5,"2020","Jan",1,"2020 Jan"
"858","West Virginia",6.7,"2020","Dec",2,"2020 Dec"
"859","West Virginia",4.8,"2021","Aug",1,"2021 Aug"
"860","Wisconsin",3,"2018","Aug",1,"2018 Aug"
"861","Wisconsin",3,"2018","Sep",2,"2018 Sep"
"862","Wisconsin",3.1,"2018","Dec",1,"2018 Dec"
"863","Wisconsin",3.3,"2019","Jun",1,"2019 Jun"
"864","Wisconsin",3.4,"2019","Jul",1,"2019 Jul"
"865","Wisconsin",3.4,"2019","Sep",1,"2019 Sep"
"866","Wisconsin",3.3,"2020","Feb",1,"2020 Feb"
"867","Wisconsin",14.8,"2020","Apr",1,"2020 Apr"
"868","Wisconsin",8.6,"2020","Jun",3,"2020 Jun"
"869","Wisconsin",7.2,"2020","Jul",2,"2020 Jul"
"870","Wisconsin",6.1,"2020","Aug",1,"2020 Aug"
"871","Wisconsin",5.2,"2020","Sep",1,"2020 Sep"
"872","Wisconsin",4.4,"2020","Nov",1,"2020 Nov"
"873","Wisconsin",3.9,"2021","Apr",2,"2021 Apr"
"874","Wisconsin",3.9,"2021","May",1,"2021 May"
"875","Wisconsin",3.9,"2021","Aug",1,"2021 Aug"
"876","Wisconsin",3.4,"2021","Sep",1,"2021 Sep"
"877","Wisconsin",3.2,"2021","Oct",4,"2021 Oct"
"878","Wyoming",3.8,"2019","Sep",1,"2019 Sep"
"879","District of Columbia",NA,"2018","Apr",1,"2018 Apr"
"880","District of Columbia",NA,"2018","Jan",2,"2018 Jan"
"881","District of Columbia",NA,"2018","Jul",2,"2018 Jul"
"882","District of Columbia",NA,"2018","Sep",1,"2018 Sep"
"883","District of Columbia",NA,"2019","Feb",1,"2019 Feb"
"884","District of Columbia",NA,"2019","Jul",3,"2019 Jul"
"885","District of Columbia",NA,"2019","May",2,"2019 May"
"886","District of Columbia",NA,"2019","Sep",1,"2019 Sep"
"887","District of Columbia",NA,"2020","Aug",2,"2020 Aug"
"888","District of Columbia",NA,"2020","Jul",1,"2020 Jul"
"889","District of Columbia",NA,"2020","Jun",2,"2020 Jun"
"890","District of Columbia",NA,"2020","Mar",1,"2020 Mar"
"891","District of Columbia",NA,"2020","May",1,"2020 May"
"892","District of Columbia",NA,"2020","Oct",1,"2020 Oct"
"893","District of Columbia",NA,"2021","Apr",2,"2021 Apr"
"894","District of Columbia",NA,"2021","Aug",1,"2021 Aug"
"895","District of Columbia",NA,"2021","Jan",2,"2021 Jan"
"896","District of Columbia",NA,"2021","Jul",2,"2021 Jul"
"897","District of Columbia",NA,"2021","Jun",1,"2021 Jun"
"898","District of Columbia",NA,"2021","Mar",2,"2021 Mar"
"899","District of Columbia",NA,"2021","May",2,"2021 May"
"900","Alabama",NA,"2021","Nov",1,"2021 Nov"
"901","California",NA,"2021","Nov",3,"2021 Nov"
"902","Florida",NA,"2021","Nov",1,"2021 Nov"
"903","Iowa",NA,"2021","Nov",1,"2021 Nov"
"904","New York",NA,"2021","Nov",1,"2021 Nov"
"905","Pennsylvania",NA,"2021","Nov",1,"2021 Nov"
"906","South Dakota",NA,"2021","Nov",1,"2021 Nov"
"907","Texas",NA,"2021","Nov",2,"2021 Nov"
"908","Virginia",NA,"2021","Nov",1,"2021 Nov"
"909","Wisconsin",NA,"2021","Nov",1,"2021 Nov"
"910","District of Columbia",NA,"2021","Oct",2,"2021 Oct"
"911","District of Columbia",NA,"2021","Sep",2,"2021 Sep"
